sku,nome atual,nome proposto,marca,categoria loja,categoria Google,gtin,mpn,foto exata,confiança,página das fotos,dúvidas
00120,ACITROX,"Nitro Acitrox Desincrustante Ácido Concentrado 1,5 L",Nitro,Lavagem,2590,,,não,media,https://www.v-onestore.com.br/acitrox-nitrox-15-lt,"Cadastro sem volume: fabricante vende em 1,5 L, 5 L e 20 L; propusemos 1,5 L (menor de varejo). Confirmar a apresentação em estoque. | Não foi encontrada página do produto no site do fabricante (hartenquimica.com.br); as informações vêm de 3 varejistas. | pH e composição não confirmados; não incluir até ter ficha técnica. | A marca 'Nitro' destes produtos é a linha Nitro Automotive Line / NitroX da Harten Química (hartenquimica.com.br, Shopify), não a Nitro Química (nitroquimica.com.br, que fabrica nitrocelulose e especialidades químicas). Confirmar com o lojista antes de publicar 'Harten' no cadastro. | Rodada GTIN: Buscas por nome da linha Nitro/Harten (e pesquisa restrita a Cosmos/Systax) não trouxeram GTIN; Harten não publica EAN nas páginas indexadas. Busca 'Acitrox Altrox NitroX EAN' só trouxe diluentes nitro de outras marcas. | Foto entra como representativa: produto confirmado, apresentação (volume/numeração) não conferida na fonte."
00121,ACITROX 5 L,Nitro Acitrox Desincrustante Ácido Concentrado 5 L,Nitro,Lavagem,2590,,,sim,alta,https://www.v-onestore.com.br/acitrox-nitrox-5-lt,"Página do fabricante não localizada; descrição vem de varejistas (V-One Store 5 L explícito; Navelimpa cita 1,5/5/20 L). | pH e composição não confirmados. | A marca 'Nitro' destes produtos é a linha Nitro Automotive Line / NitroX da Harten Química (hartenquimica.com.br, Shopify), não a Nitro Química (nitroquimica.com.br, que fabrica nitrocelulose e especialidades químicas). Confirmar com o lojista antes de publicar 'Harten' no cadastro. | Rodada GTIN: Buscas por nome da linha Nitro/Harten (e pesquisa restrita a Cosmos/Systax) não trouxeram GTIN; Harten não publica EAN nas páginas indexadas. Busca 'Acitrox Altrox NitroX EAN' só trouxe diluentes nitro de outras marcas."
00127,"ALTROX 1,5 L","Nitro Altrox Desengraxante Alcalino Concentrado 1,5 L",Nitro,Lavagem,2590,,,não,media,https://www.v-onestore.com.br/altrox-nitrox-15-lt,"Apresentação 1,5 L confirmada em apenas um varejista (V-One Store); produto confirmado em 3 varejistas. | Página do produto no site do fabricante não localizada; pH não confirmado. | A marca 'Nitro' destes produtos é a linha Nitro Automotive Line / NitroX da Harten Química (hartenquimica.com.br, Shopify), não a Nitro Química (nitroquimica.com.br, que fabrica nitrocelulose e especialidades químicas). Confirmar com o lojista antes de publicar 'Harten' no cadastro. | Rodada GTIN: Buscas por nome da linha Nitro/Harten (e pesquisa restrita a Cosmos/Systax) não trouxeram GTIN; Harten não publica EAN nas páginas indexadas. Busca 'Acitrox Altrox NitroX EAN' só trouxe diluentes nitro de outras marcas. | Foto entra como representativa: produto confirmado, apresentação (volume/numeração) não conferida na fonte."
00128,ALTROX 5L,Nitro Altrox Desengraxante Alcalino Concentrado 5 L,Nitro,Lavagem,2590,,,sim,alta,https://navelimpa.com.br/produtos/altrox-desengraxante-alcalino-nitrox-harten-quimica-5-litros/,"Página do produto no site do fabricante não localizada; pH não confirmado. | A marca 'Nitro' destes produtos é a linha Nitro Automotive Line / NitroX da Harten Química (hartenquimica.com.br, Shopify), não a Nitro Química (nitroquimica.com.br, que fabrica nitrocelulose e especialidades químicas). Confirmar com o lojista antes de publicar 'Harten' no cadastro. | Rodada GTIN: Buscas por nome da linha Nitro/Harten (e pesquisa restrita a Cosmos/Systax) não trouxeram GTIN; Harten não publica EAN nas páginas indexadas. Busca 'Acitrox Altrox NitroX EAN' só trouxe diluentes nitro de outras marcas."
00113,ANTI-DESLIZANTE PARA CORREIAS,Würth Anti-Deslizante para Correias Spray 220 ml,Würth,Acessórios,2788,,,sim,alta,https://www.wurth.com.br/produto/anti-deslizante-para-correias-220ml/,"A loja Würth lista o mesmo produto sob dois códigos (0893230220 e 389022 220); confirmar na embalagem qual consta e qual é o EAN. | Categoria Google: não há folha específica para lubrificante de correias; usada a categoria-mãe Fluidos de veículo (2788). Alternativa: Ferragens > Consumíveis para construção > Lubrificantes (1753). | Rodada GTIN: Só a versão 400 ml (art. 0893230001, EAN 4099618002793) aparece, na Würth Finlândia; não serve para 220 ml. Código Würth Brasil não localizado."
00066,APLICADOR DE ESPUMA 02 UNIDADES,Vonixx Aplicador de Espuma Anatômico com Encaixe de Mão 2 unidades,Vonixx,Acessórios,2895,,2005001,sim,alta,https://www.vonixx.com.br/produto/aplicador-de-espuma-com-encaixe-de-mao/,"A Vonixx tem três aplicadores de espuma (com encaixe de mão, ergonômico 10,6 cm e 9,5x5,5 cm); o pacote de 2 unidades do varejo é o 'anatômico com encaixe de mão'. Confirmar na embalagem. | A frase de modo de uso é orientação geral de aplicador, não texto do fabricante. | Rodada GTIN: Código interno Vonixx 2005001 lido em varejista (Casas Bahia/Extra/Ponto Frio), ficha 'Aplicador de Espuma Anatômico com 2 Unidades'; EAN não exibido."
00087,APLICADOR PRODUTOS PNEU VINTEX 2 UNI,Vintex Aplicador de Espuma para Produtos de Pneu com Base de Borracha 2 unidades,Vintex,Acessórios,2895,,,sim,alta,https://www.viannax.com.br/aplicador-produtos-para-pneu-vintex-pct-2-unid,"Página oficial em store.vonixx.com.br ou vintex.com.br não apareceu na busca; fotos teriam de vir de revendedor ou do fabricante por contato. | Medidas e referência 2019013 vêm de revendedores, não do fabricante. | EAN não encontrado. | Rodada GTIN: Nenhuma ficha com EAN; só o aplicador Vonixx 2005001 aparece, que é outro produto."
00079,AROMINHA DIVERSOS GEL WURTH 60 G,Würth Odorizador Automotivo Auto Fresh Gel 60 g,Würth,Aromatizantes,2789,,0893600022,não,media,https://www.wurth.com.br/p/7492564/odorizador-auto-fresh-gel-carro-novo-60g-embalagem-com-24-pecas-wurth-0893600022-kit,"O cadastro diz 'diversos': definir se a loja vende uma fragrância fixa ou cria variações (Citrus, Carro Novo, Morango, Marine); cada fragrância tem código e EAN próprios. | No site Würth o produto é vendido em caixa com 24 peças; a loja vende a unidade. | Nenhum resultado exibiu o EAN da unidade; os EANs 'free way gel 60g' encontrados são de outra marca e foram descartados. | Rodada GTIN: Código Würth 0893600022 (página de kit com 24 un.); EAN da unidade não apareceu em nenhuma busca. | Foto entra como representativa: produto confirmado, apresentação (volume/numeração) não conferida na fonte."
00078,AROMINHA DIVERSOS VINTEX SPRAY 60 ML,Vintex Arominha Spray Aromatizante Automotivo 60 ml,Vintex,Aromatizantes,2789,,,sim,alta,https://www.camero.com.br/limpeza-e-cuidados/aromatizantes/aromatizante-odorizador-arominha-cheirinho-spray-automotivo-60ml-vintex-vonixx,"Página oficial do Arominha Spray em store.vonixx.com.br não apareceu na busca; confirmar lista completa de aromas com o fornecedor (pode haver Uva, Lavanda, Frutal ou outros além dos 4 confirmados). | Categoria da loja hoje é Proteção; proposta Aromatizantes. | EAN varia por aroma; nenhum encontrado. | Rodada GTIN: Busca por nome + EAN não trouxe GTIN; varejistas (Magalu, Mercado Livre) não mostram o código no resumo indexado."
00061,AROMINHA EM GEL 60G,Vintex Arominha Gel Aromatizante Automotivo 60 g,Vintex,Aromatizantes,2789,,,não,media,https://www.distribuidoragranderio.com.br/AROMINHA-GEL-CARRO-NOVO-60G---VINTEX--VONIXX,"O nome cadastrado não traz marca; a identificação como Vintex é por semelhança com o Arominha Spray do mesmo fornecedor. Confirmar com a loja. | EAN candidato 7898511020074 e ref. 2010003 vieram do resumo da busca e provavelmente são de um aroma específico (Frutal?). O EAN apareceu só no resumo agregado da busca, não foi lido em uma página específica; confirmar na embalagem ou na nota do fornecedor antes de enviar ao Merchant Center. | Modo de uso descrito é o padrão de gel automotivo; não lido em página do fabricante. | Categoria da loja hoje é Proteção; proposta Aromatizantes. | GTIN candidato: Candidato de rodada anterior (aroma não identificado); nesta rodada nenhuma fonte confirmou o código nem a apresentação. | Rodada GTIN: Sem confirmação. | Foto entra como representativa: produto confirmado, apresentação (volume/numeração) não conferida na fonte."
00131,AROMINHA SPRAY 200 ML,Nitro Aromatizante Spray Arominha 200 ml,Nitro,Aromatizantes,2789,,,não,baixa,,"Nenhum produto 'Arominha' encontrado. Pedir foto do rótulo ao lojista. | Pode ser um dos sanitizantes 200 ml da Nitro Automotive (Fresh ou Carro Novo), que não são aromatizantes puros; isso mudaria nome, descrição e categoria. | Pode ser aromatizante Stock Car/Racing com fragrância 'Nitro' (marca diferente). O EAN 07898227538955 listado na Systax para 'Arom racing nitro 200ml' só deve ser usado se bater com o rótulo. | Se nenhum candidato bater, pode ser produto descontinuado ou de marca local."
00147,CARPET,Nitro Carpet Limpador Concentrado de Carpetes e Estofados 500 ml,Nitro,Lavagem,2704,,,sim,alta,https://hartenquimica.com.br/products/tec_carpet,"Cadastro sem volume: só encontramos a apresentação de 500 ml. Confirmar. | A marca 'Nitro' destes produtos é a linha Nitro Automotive Line / NitroX da Harten Química (hartenquimica.com.br, Shopify), não a Nitro Química (nitroquimica.com.br, que fabrica nitrocelulose e especialidades químicas). Confirmar com o lojista antes de publicar 'Harten' no cadastro. | Rodada GTIN: Buscas por nome da linha Nitro/Harten (e pesquisa restrita a Cosmos/Systax) não trouxeram GTIN; Harten não publica EAN nas páginas indexadas."
00024,CERA BLEND CLEANER PASTA WAX 500 ML,Vonixx Blend Cleaner Wax Cera Limpadora 3 em 1 Carnaúba e Sílica 500 ml,Vonixx,Proteção,2643,,,não,media,https://www.magazineluiza.com.br/busca/cleaner+cera,"O nome cadastrado mistura 'Cleaner' com 'Pasta Wax'. A Blend Cleaner Wax de 500 ml é líquida (spray); a Blend em pasta é vendida em 100 ml. Confirmar no rótulo qual é o produto. | Existem variantes Blend Cleaner Wax padrão, Black Edition e Sílica em 500 ml; assumida a padrão. | A página oficial do produto em vonixx.com.br não pôde ser confirmada (rede bloqueada); buscar em vonixx.com.br/produto/ e trocar paginaDasFotos pela oficial. | Modo de uso é orientação geral de cera spray, não texto do fabricante. | Rodada GTIN: Magalu lista 'Blend Cleaner Wax 500ml Vonixx' sem EAN; Cosmos só traz outros itens Vonixx (ex.: Strike 500ml 7898511030158). | Foto entra como representativa: produto confirmado, apresentação (volume/numeração) não conferida na fonte."
00027,CERA DE CARNAUBA BLEND BLACK,Vonixx Blend Black Edition Cera de Carnaúba e Sílica em Pasta para Pinturas Escuras 100 ml,Vonixx,Proteção,2643,,,não,media,https://clean-garage.com/vonixx-blend-ceramic-carnauba-spray-wax-500ml-black-edition-for-dark-paints,"Volume de 100 ml confirmado em dois varejistas, mas não na página do fabricante (bloqueada). Confirmar no rótulo. | Tempo de cura e rendimento não encontrados; o modo de uso é orientação geral de cera em pasta. | Buscar a página oficial em vonixx.com.br/produto/ para as fotos. | Rodada GTIN: Listagens Magalu/Falabella do Blend Black Edition Paste Wax 100ml sem EAN. | Foto entra como representativa: produto confirmado, apresentação (volume/numeração) não conferida na fonte."
00149,CIMENT CLEAN,Nitro Ciment Clean Removedor de Cimento Concentrado 5 L,Nitro,Lavagem,2590,,,não,media,https://www.hartenquimica.com.br/products/tec_ciment_clean,"Cadastro sem volume: só encontramos 5 L. Confirmar se a loja vende essa embalagem. | Produto é de limpeza pós-obra, não exclusivamente automotivo; a categoria Google 2590 foi mantida pelo contexto da loja (remoção de cimento de veículos). Avaliar categoria de limpeza doméstica se preferir. | O fabricante o chama de 'Tec Ciment Clean'; confirmar o rótulo da linha Nitro. | A marca 'Nitro' destes produtos é a linha Nitro Automotive Line / NitroX da Harten Química (hartenquimica.com.br, Shopify), não a Nitro Química (nitroquimica.com.br, que fabrica nitrocelulose e especialidades químicas). Confirmar com o lojista antes de publicar 'Harten' no cadastro. | Rodada GTIN: Buscas por nome da linha Nitro/Harten (e pesquisa restrita a Cosmos/Systax) não trouxeram GTIN; Harten não publica EAN nas páginas indexadas. | Foto entra como representativa: produto confirmado, apresentação (volume/numeração) não conferida na fonte."
00094,DESENGRAXANTE 1/40 SOLUPAN,Bugatti Química Solupan Desengraxante Concentrado 1/40 5 L,Bugatti,Lavagem,2590,,,sim,alta,https://bugattiquimica.com/produto/desengraxante-concentrado/,"O nome cadastrado não traz volume; assumido 5 L por ser a embalagem padrão (os SKUs 00150 e 00151 cobrem 20 L e 50 L). | O conteúdo da página do fabricante não pôde ser lido diretamente (rede bloqueada); descrição baseada no resumo da busca e no anúncio do Mercado Livre. | GTIN candidato: Cosmos: 'DETERGENTE DESENGRAXANTE SOLUPAN(5LT)', 5 L bate, mas a ficha não identifica o fabricante e 'Solupan' é nome usado por vários (Xike, DX-40...). Confirmar que é Bugatti antes de usar. | Rodada GTIN: Fonte: https://cosmos.bluesoft.com.br/produtos/7898592802088-detergente-desengraxante-solupan-5lt"
00150,DESENGRAXANTE 1/40 SOLUPAN 20 L,Bugatti Química Solupan Desengraxante Concentrado 1/40 20 L,Bugatti,Lavagem,2590,,,não,media,https://bugattiquimica.com/produto/desengraxante-concentrado/,"A apresentação de 20 L consta na página do fabricante (5 a 50 L), mas não foi encontrado anúncio específico de 20 L com foto; usar foto da bombona correta. | Rodada GTIN: Nenhuma fonte com EAN; só Cosmos lista um 'Solupan 5LT' sem fabricante identificado. | Foto entra como representativa: produto confirmado, apresentação (volume/numeração) não conferida na fonte."
00151,DESENGRAXANTE 1/40 SOLUPAN 50 L,Bugatti Química Solupan Desengraxante Concentrado 1/40 50 L,Bugatti,Lavagem,2590,,,não,media,https://bugattiquimica.com/produto/desengraxante-concentrado/,"A apresentação de 50 L consta na página do fabricante (5 a 50 L), mas não foi encontrado anúncio específico de 50 L com foto. | Rodada GTIN: Nenhuma fonte com EAN; só Cosmos lista um 'Solupan 5LT' sem fabricante identificado. | Foto entra como representativa: produto confirmado, apresentação (volume/numeração) não conferida na fonte."
00092,DESINCRUSTANTE ACIDO ATIVADO,Bugatti Química Desincrustante Ácido Ativado 1/40 5 L,Bugatti,Lavagem,2590,,,não,media,https://bugattiquimica.com/produto/desincrustante-acido/,"Confirmar se a loja vende a concentração 1/40 ou 1/100 (o fabricante tem as duas). | O termo 'ativado' não aparece na página do fabricante; aparece em anúncios de varejo ('Limpa Baú LM'). Confirmar no rótulo. | Volume assumido 5 L (os SKUs 00152 e 00153 cobrem 20 L e 50 L). | Rodada GTIN: Nenhum resultado para o desincrustante ácido Bugatti; só produtos de outras marcas. | Foto entra como representativa: produto confirmado, apresentação (volume/numeração) não conferida na fonte."
00152,DESINCRUSTANTE ACIDO ATIVADO 20 L,Bugatti Química Desincrustante Ácido Ativado 1/40 20 L,Bugatti,Lavagem,2590,,,não,media,https://bugattiquimica.com/produto/desincrustante-acido/,"Confirmar concentração (1/40 ou 1/100). | Não foi encontrado anúncio específico de 20 L com foto. | Rodada GTIN: Nenhum resultado para o desincrustante ácido Bugatti. | Foto entra como representativa: produto confirmado, apresentação (volume/numeração) não conferida na fonte."
00153,DESINCRUSTANTE ACIDO ATIVADO 50L,Bugatti Química Desincrustante Ácido Ativado 1/40 50 L,Bugatti,Lavagem,2590,,,não,media,https://bugattiquimica.com/produto/desincrustante-acido/,"Confirmar concentração (1/40 ou 1/100). | Não foi encontrado anúncio específico de 50 L com foto. | Rodada GTIN: Nenhum resultado para o desincrustante ácido Bugatti. | Foto entra como representativa: produto confirmado, apresentação (volume/numeração) não conferida na fonte."
00093,DETERGENTE COM CERA,Bugatti Química Detergente Automotivo com Cera 5 L,Bugatti,Lavagem,2590,,,não,baixa,https://bugattiquimica.com/produto/detergente-automotivo-2/,"Não foi localizada página do fabricante com o nome 'Detergente com Cera'; o produto mais próximo é o 'Detergente Automotivo'. Confirmar no rótulo se é a versão com cera e qual o volume (assumido 5 L). | A frase sobre o efeito da cera é descrição genérica do tipo de produto, não do fabricante; revisar antes de publicar. | Diluição e pH não encontrados. | Foto entra como representativa: produto confirmado, apresentação (volume/numeração) não conferida na fonte."
00109,DETERGENTE DE CERA 1L,Würth Shampoo Automotivo com Cera SHW2 Concentrado 1 L,Würth,Lavagem,2590,,389070,sim,alta,https://www.wurth.com.br/p/7492568/shampoo-automotivo-com-cera-shw2-1l-wurth-389070-unitario,"O rendimento informado diverge entre fontes (até 101 L em varejista, até 201 L no site Würth); não foi incluído número na descrição. Confirmar a diluição na embalagem. | Na data da pesquisa o site Würth marcava o 1 L como indisponível em estoque. | Nenhuma fonte exibiu o EAN. | Rodada GTIN: Código Würth Brasil 389070 (também em lojadomecanico.com.br). Cosmos tem 'detergente com cera SHW 2 1L Würth' na NCM 3402.90.31, mas o GTIN não apareceu no resumo."
00116,EPOXI TITANIO,Würth Adesivo Epóxi Titânio Bicomponente 25 g,Würth,Acessórios,503742,,0893480131,não,media,https://varejo.wurth.com.br/p/7492810/adesivo-epoxi-titanio-25g-wurth-0893480131-unitario,"Há duas versões de 25 g: Adesivo Epóxi Titânio (0893480131) e Adesivo Epóxi Titânio Express (0893480025, cura inicial em 5 min, densidade 1,05, viscosidade 17 Pa.s, resistência de -30 °C a +85 °C, aplicação de +5 °C a +45 °C). O cadastro não diz 'Express'; confirmar na embalagem qual é vendida. | A proporção 1:1 e a cor cinza após cura foram lidas na página da versão Express; confirmar se valem para a versão comum antes de publicar. | Nenhuma fonte exibiu o EAN. | Rodada GTIN: Loja do Mecânico mostra 0893480025 para a versão 'Express' 25 g, que é outro artigo. EAN não localizado. | Foto entra como representativa: produto confirmado, apresentação (volume/numeração) não conferida na fonte."
00074,ESCOVA GRANDE LIMPEZA DE RODA,Vonixx Escova Macia Longa para Limpeza de Face e Caixa de Rodas 52 cm,Vonixx,Acessórios,2894,,,não,media,https://www.vonixx.com.br/produto/escova-de-caixa-de-roda-grande/,"A Vonixx tem várias escovas para rodas (face e caixa de rodas grande, furo de rodas longa, pelúcia furo de rodas em 31/37,5/54 cm e, no varejo, 'escova microfibra limpeza de rodas pequena', sugerindo uma versão grande). A escolhida é a de slug 'escova-de-caixa-de-roda-grande'; confirmar com a foto do produto físico. | Modo de uso é orientação geral. | Rodada GTIN: Nenhuma ficha da escova de 52 cm com EAN. | Foto entra como representativa: produto confirmado, apresentação (volume/numeração) não conferida na fonte."
00073,ESCOVA PARA LIMPEZA CAIXA DE RODA,Detailer Escova para Limpeza de Caixa de Rodas com Cerdas de Nylon,Detailer,Acessórios,2894,,,não,media,https://detailer.com.br/escova-limpeza-caixa-de-rodas/,"A Detailer vende pelo menos quatro escovas de caixa de roda (padrão, agressiva cerdas baixas, macia pequena, amarela para carros baixos). Confirmar com a loja qual delas é este SKU, de preferência pela foto da embalagem. | Medidas e comprimento do cabo não encontrados em nenhuma fonte lida. | Modo de uso é prática padrão, não lido na página do fabricante. | EAN não encontrado. | Rodada GTIN: Nenhuma página detailer.com.br indexada com EAN; Amazon lista escova Detailer sem código. | Foto entra como representativa: produto confirmado, apresentação (volume/numeração) não conferida na fonte."
00072,ESCOVA PARA LIMPEZA DE PNEUS DETAILER,Detailer Escova para Limpeza de Pneus Anatômica com Cerdas Duras de Nylon,Detailer,Acessórios,2894,,,sim,alta,https://detailer.com.br/escova-para-pneus/,Confirmar se o SKU é a Escova para Pneus padrão (anatômica) ou a Deep Clean; a descrição acima é da padrão. | Medidas não encontradas. Modo de uso é prática padrão. EAN não encontrado. | Rodada GTIN: Nenhuma página detailer.com.br indexada com EAN.
00164,ESPATULAS PLASTICA POLIPROPILENO 4,Würth Espátula Plástica de Polipropileno 4 polegadas 100 mm Vermelha,Würth,Acessórios,1202,,,não,media,https://www.wurth.com.br/categoria/ferramentas-manuais/funilaria,"O código 0695940116 do modelo 4"" apareceu no resumo da busca, mas a URL da página individual não foi obtida; confirmar na loja Würth (categoria Funilaria) antes de usar como MPN. | A Würth vende em embalagem com 5 unidades; o cadastro da loja parece ser por unidade. Confirmar. | Sem EAN em nenhuma fonte. | Rodada GTIN: Nenhum artigo Würth de 100 mm/4 pol. localizado; cadastro aponta só para categoria. Código Würth não lido. | Foto entra como representativa: produto confirmado, apresentação (volume/numeração) não conferida na fonte."
00165,ESPATULAS PLASTICA POLIPROPILENO 5,Würth Espátula Plástica de Polipropileno 5 polegadas 125 mm Vermelha,Würth,Acessórios,1202,,0695940111,sim,alta,https://www.wurth.com.br/p/10186211/espatula-plastica-5-125mm-embalagem-com-5-unidades-wurth-0695940111-kit,A Würth vende em embalagem com 5 unidades (cód. 0695940111); o cadastro da loja parece ser por unidade. Confirmar. | Sem EAN em nenhuma fonte. | Rodada GTIN: Código Würth 0695940111 (página de kit com 5 un.); EAN não apareceu.
00157,ESPATULAS SACA GRAMPOS UNIDADE,Würth Espátula Removedora de Grampos e Molduras Policarbonato Preta 1 unidade,Würth,Acessórios,8236,,,não,baixa,https://www.wurth.com.br/p/7527370/kit-com-jogo-04-espatulas-removedora-gramposmolduras-preta-wurth-071458-322-unitario,"A Würth não vende a espátula avulsa; a loja provavelmente desmembra o jogo de 4 (071458 322). Confirmar qual dos 4 modelos é vendido como 'unidade' e se a foto deve ser recortada da foto do jogo. | Alternativa: a 'Ferramenta saca Grampos' Würth cód. 071434 52 pode ser outro produto (metálico); a página não foi lida. Verificar antes de publicar. | Sem código de fabricante próprio e sem EAN. | Foto entra como representativa: produto confirmado, apresentação (volume/numeração) não conferida na fonte."
00135,FERRUX,Nitro Ferrux Descontaminante Ferroso Concentrado 500 ml,Nitro,Lavagem,2590,,,sim,alta,https://www.hartenquimica.com.br/products/tec_metal_ft60,"Cadastro sem volume: propusemos 500 ml (menor de varejo); existe também 1,5 L. Confirmar. | pH não confirmado. | A marca 'Nitro' destes produtos é a linha Nitro Automotive Line / NitroX da Harten Química (hartenquimica.com.br, Shopify), não a Nitro Química (nitroquimica.com.br, que fabrica nitrocelulose e especialidades químicas). Confirmar com o lojista antes de publicar 'Harten' no cadastro. | Rodada GTIN: Buscas por nome da linha Nitro/Harten (e pesquisa restrita a Cosmos/Systax) não trouxeram GTIN; Harten não publica EAN nas páginas indexadas."
00134,GLASS PRO,Nitro Glass Pro Limpador de Vidros Pronto para Uso 500 ml,Nitro,Lavagem,2846,,,sim,alta,https://www.romacardetailing.com.br/glass-pro-500ml-limpador-de-vidros-em-geral-nitro-automotive-line,"Existe a variante 'Glass Pro Antiembaçante' (ação antiembaçante, hidrorrepelente e cristalizadora). Confirmar se a loja vende o Glass Pro comum ou o Antiembaçante. | Página individual do produto no site do fabricante não localizada (só listagem da coleção Automotiva). | A marca 'Nitro' destes produtos é a linha Nitro Automotive Line / NitroX da Harten Química (hartenquimica.com.br, Shopify), não a Nitro Química (nitroquimica.com.br, que fabrica nitrocelulose e especialidades químicas). Confirmar com o lojista antes de publicar 'Harten' no cadastro. | Rodada GTIN: Buscas por nome da linha Nitro/Harten (e pesquisa restrita a Cosmos/Systax) não trouxeram GTIN; Harten não publica EAN nas páginas indexadas."
00141,HIDRALEX 500 ML,Nitro Hidralex Hidratante de Couro Automotivo 500 ml,Nitro,Proteção,2643,,,sim,alta,https://www.distribuidoragranderio.com.br/Nitro-Hidralex-Couro-Nitro-500ml,"Modo de uso detalhado e composição não confirmados; o parágrafo de aplicação é genérico e deve ser revisado com a embalagem. | Página individual do produto no site do fabricante não localizada (só a listagem da coleção Automotiva). | A marca 'Nitro' destes produtos é a linha Nitro Automotive Line / NitroX da Harten Química (hartenquimica.com.br, Shopify), não a Nitro Química (nitroquimica.com.br, que fabrica nitrocelulose e especialidades químicas). Confirmar com o lojista antes de publicar 'Harten' no cadastro. | Rodada GTIN: Buscas por nome da linha Nitro/Harten (e pesquisa restrita a Cosmos/Systax) não trouxeram GTIN; Harten não publica EAN nas páginas indexadas."
00130,"HT7 1,5 L","Nitro HT7 Desengraxante Multiuso Concentrado 1,5 L",Nitro,Lavagem,2590,,,não,media,https://hartenquimica.com.br/products/tec-grax-ht7,"As fontes mostram HT7 em 500 ml e 1 L; a apresentação de 1,5 L não apareceu em nenhuma busca. Confirmar se a embalagem é 1,5 L ou 1 L. | A marca 'Nitro' destes produtos é a linha Nitro Automotive Line / NitroX da Harten Química (hartenquimica.com.br, Shopify), não a Nitro Química (nitroquimica.com.br, que fabrica nitrocelulose e especialidades químicas). Confirmar com o lojista antes de publicar 'Harten' no cadastro. | Rodada GTIN: Buscas por nome da linha Nitro/Harten (e pesquisa restrita a Cosmos/Systax) não trouxeram GTIN; Harten não publica EAN nas páginas indexadas. Ponto Frio/Extra listam 'HT7 Limpador Desengraxante Nitro' sem EAN e sem volume. | Foto entra como representativa: produto confirmado, apresentação (volume/numeração) não conferida na fonte."
00129,HT7 500 ML,Nitro HT7 Desengraxante Multiuso Concentrado 500 ml,Nitro,Lavagem,2590,,,sim,alta,https://hartenquimica.com.br/products/tec-grax-ht7,"A marca 'Nitro' destes produtos é a linha Nitro Automotive Line / NitroX da Harten Química (hartenquimica.com.br, Shopify), não a Nitro Química (nitroquimica.com.br, que fabrica nitrocelulose e especialidades químicas). Confirmar com o lojista antes de publicar 'Harten' no cadastro. | GTIN candidato: Systax: 'Desengraxante h7 500ml', sem marca na ficha; provavelmente o H-7 de outro fabricante (Telhanorte), não o HT7 Nitro. Candidato fraco. | Rodada GTIN: Fonte: https://www.systax.com.br/ean/07899811608504"
00136,HYDRO BLEND,Nitro Hydro Blend Cera Líquida Híbrida Carnaúba e SiO2 500 ml,Nitro,Proteção,2643,,,sim,alta,https://www.hartenquimica.com.br/products/hydro-blend-cera-liquida-hibrida-com-protecao-de-alta-performance,"Modo de uso exato (tempo de cura, método de aplicação) não confirmado; o último parágrafo é genérico e deve ser conferido com a embalagem. | A marca 'Nitro' destes produtos é a linha Nitro Automotive Line / NitroX da Harten Química (hartenquimica.com.br, Shopify), não a Nitro Química (nitroquimica.com.br, que fabrica nitrocelulose e especialidades químicas). Confirmar com o lojista antes de publicar 'Harten' no cadastro. | Rodada GTIN: Buscas por nome da linha Nitro/Harten (e pesquisa restrita a Cosmos/Systax) não trouxeram GTIN; Harten não publica EAN nas páginas indexadas."
00156,JOGO 4 ESPATULAS SACA GRAMPOS,Würth Jogo de Espátulas Removedoras de Grampos e Molduras Policarbonato Preto 4 peças,Würth,Acessórios,8236,,071458 322,sim,alta,https://www.wurth.com.br/p/7527370/kit-com-jogo-04-espatulas-removedora-gramposmolduras-preta-wurth-071458-322-unitario,"Sem EAN em nenhuma fonte. | Rodada GTIN: Código Würth Brasil '071458 322' lido na URL do fabricante. Só artigos internacionais diferentes apareceram (2 peças 1952004685, EAN 4099618448683)."
00089,KIT LIMPAR HIDRATAR COURO VONIXX HIGICOURO + HIDRACOURO,Kit Vonixx Limpeza e Hidratação de Couro Higicouro 500 ml + Hidracouro 500 ml,Vonixx,Proteção,2895,,,não,media,https://store.vonixx.com.br/kits/kit-protecao-e-higienizacao-de-couros,"Volumes de 500 ml para os dois frascos vêm de um único varejista (Magalu); confirmar com as embalagens da loja (a Vonixx também vende outros tamanhos). | Por ser kit montado pela loja, sem GTIN próprio; informar os GTINs individuais se a loja os tiver. | Rodada GTIN: Kit montado pela loja, sem GTIN próprio. Componentes: Higicouro 500ml código Vonixx 2009012 (Ponto Frio), Hidracouro 500ml código Vonixx 2009010 (Loja do Mecânico); EAN dos componentes não apareceu. | Kit de dois produtos diferentes: sem volumeMl, para o Merchant não calcular preço por litro de um conjunto que não é comparável. | Foto entra como representativa: produto confirmado, apresentação (volume/numeração) não conferida na fonte."
00111,KIT P/ LIMPEZA PARA BRISA E VIDROS,Würth Kit Limpeza de Vidros Water Off 100 ml + Anti-Embaçante 60 ml + Limpa Para-Brisa 100 ml + Microfibra,Würth,Acessórios,2846,,,não,baixa,https://www.wurth.com.br/p/7492590/repelente-de-agua-water-off-100ml-wurth-0893012470-unitario,"Não existe SKU 'kit' no site Würth; a composição acima é a de kits montados por revendedores (Amazon, Casas Bahia). Confirmar com a Brilhax o que vai dentro do kit dela (itens e volumes) antes de publicar. | Kit sem EAN próprio: no Merchant Center, cadastrar como bundle (is_bundle = true) sem GTIN, ou informar os EANs dos componentes se a loja os tiver. | As fotos oficiais são de cada componente; não há foto oficial do conjunto. | Foto entra como representativa: produto confirmado, apresentação (volume/numeração) não conferida na fonte."
00090,KIT SHAMPOO AUTOMOTIVO V-FLOC + V-MOL 1.5L,"Kit Vonixx Shampoo Automotivo V-Floc 1,5 L + V-Mol 1,5 L",Vonixx,Lavagem,2895,,,não,media,https://www.casasbahia.com.br/shampoo-automotivo-concentrado-v-floc-15l-vonixx-2011004/p/1580979501,"Diluição e pH do V-Mol não foram confirmados; buscar em vonixx.com.br/produto/v-mol/ antes de publicar. | Páginas oficiais do V-Floc e V-Mol em vonixx.com.br não puderam ser lidas (rede bloqueada); usar as fotos oficiais de lá. | A loja categorizou o kit em Proteção; por ser shampoo, sugerida a categoria Lavagem. | Kit montado pela loja: sem GTIN próprio. | Rodada GTIN: Kit montado pela loja, sem GTIN próprio. V-Floc 1,5L código Vonixx 2011004 (Casas Bahia). eBay mostra 7898511030653 como MPN de V-Floc, mas sem indicar o volume (500 ml a 5 L); não usar. V-Mol 1,5L sem EAN. | Kit de dois produtos diferentes: sem volumeMl, para o Merchant não calcular preço por litro de um conjunto que não é comparável. | Foto entra como representativa: produto confirmado, apresentação (volume/numeração) não conferida na fonte."
,LAMAX,Nitro Lamax Lava Autos Desincrustante Concentrado 500 ml,Nitro,Lavagem,2590,,,sim,alta,https://www.romacardetailing.com.br/lamax-500ml-lava-autos-desincrustante-nitro-automotive-line,"Cadastro está com marca 'Limpador Multiuso Concentrado' (errada) e sem SKU; a marca correta é Nitro (Harten Química) e o tipo é lava-autos desincrustante/desengraxante. | Cadastro sem volume: propusemos 500 ml (menor de varejo); existe também 5 L. Confirmar. | pH não confirmado. | A marca 'Nitro' destes produtos é a linha Nitro Automotive Line / NitroX da Harten Química (hartenquimica.com.br, Shopify), não a Nitro Química (nitroquimica.com.br, que fabrica nitrocelulose e especialidades químicas). Confirmar com o lojista antes de publicar 'Harten' no cadastro. | Rodada GTIN: Buscas por nome da linha Nitro/Harten (e pesquisa restrita a Cosmos/Systax) não trouxeram GTIN; Harten não publica EAN nas páginas indexadas. SKU ausente no cadastro."
00123,"LAMAX MOL 1,5 L","Nitro Lamax Lava Autos Desincrustante Concentrado 1,5 L",Nitro,Lavagem,2590,,,não,baixa,https://www.romacardetailing.com.br/lamax-500ml-lava-autos-desincrustante-nitro-automotive-line,"O sufixo 'MOL' não aparece em nenhuma fonte; pode ser abreviação interna da loja, outra variante ou erro de digitação. Confirmar no rótulo. | Apresentação 1,5 L do Lamax não confirmada (fontes mostram 500 ml e 5 L); a linha NitroX costuma ter 1,5 L, então é plausível, mas precisa de confirmação. | pH não confirmado. | A marca 'Nitro' destes produtos é a linha Nitro Automotive Line / NitroX da Harten Química (hartenquimica.com.br, Shopify), não a Nitro Química (nitroquimica.com.br, que fabrica nitrocelulose e especialidades químicas). Confirmar com o lojista antes de publicar 'Harten' no cadastro. | Foto entra como representativa: produto confirmado, apresentação (volume/numeração) não conferida na fonte."
00115,LANTERNA CANETA LED UV,Würth Lanterna Caneta LED UV Ultravioleta 365 nm com LED Branco e Clipe Magnético,Würth,Acessórios,543689,,0827500171,sim,alta,https://varejo.wurth.com.br/p/10276373/lanterna-led-smd-uva-ultravioleta-wurth-0827500171-unitario,"O peso de 220 g informado no site parece ser o peso com embalagem; não foi usado na descrição. | Sem EAN em nenhuma fonte. | Rodada GTIN: Código Würth 0827500171 lido na URL do fabricante. Só a lanterna UV internacional 0827807201 (EAN 4050641966421) apareceu, outro artigo."
00148,LAVA AUTOS NITRO,Nitro Speel Car Lava Autos Shampoo Automotivo Concentrado 500 ml,Nitro,Lavagem,2590,,,não,media,https://www.hartenquimica.com.br/products/speel-car,"Nome genérico: a linha Nitro tem dois lava-autos (Speel Car concentrado 500 ml, linha Nitro Automotive; e Lava Autos NitroX em 500 ml/1,5 L/5 L/20 L). Confirmar qual está em estoque e o volume. | A diluição de 100 ml/5 L foi vista para o Lava Autos NitroX, não explicitamente para o Speel Car. | Grafia: varejistas escrevem 'Spell Car'; o fabricante escreve 'Speel Car'. | A marca 'Nitro' destes produtos é a linha Nitro Automotive Line / NitroX da Harten Química (hartenquimica.com.br, Shopify), não a Nitro Química (nitroquimica.com.br, que fabrica nitrocelulose e especialidades químicas). Confirmar com o lojista antes de publicar 'Harten' no cadastro. | Rodada GTIN: Buscas por nome da linha Nitro/Harten (e pesquisa restrita a Cosmos/Systax) não trouxeram GTIN; Harten não publica EAN nas páginas indexadas. | Foto entra como representativa: produto confirmado, apresentação (volume/numeração) não conferida na fonte."
00012,"LAVA AUTOS VINTEX 1,5","Vintex Lava Autos Shampoo Automotivo Concentrado pH Neutro 1,5 L",Vintex,Lavagem,2590,,,sim,alta,https://store.vonixx.com.br/vintex/limpeza-vintex/limpeza-pintura-vintex/lava-autos,"Nome cadastrado '1,5' sem unidade: confirmado como 1,5 L. | Diluição diverge entre fontes: 125 ml/5 L na loja oficial, 100 ml/5 L (1:40) e 1:50 em revendedores. Usar a da loja oficial ou confirmar com o fabricante. | EAN candidato 7898511032602 (listado em revendedor; fonte exata não isolada). O EAN apareceu só no resumo agregado da busca, não foi lido em uma página específica; confirmar na embalagem ou na nota do fornecedor antes de enviar ao Merchant Center. | GTIN só candidato: fonte marketplace: https://www.ebay.de/itm/187294656918 | Rodada GTIN: Apresentação bate (1,5 L). Fonte única e marketplace estrangeiro; confirmar na embalagem quando possível."
00013,LAVA AUTOS VINTEX 5 L,Vintex Lava Autos Shampoo Automotivo Concentrado pH Neutro 5 L,Vintex,Lavagem,2590,,,sim,alta,https://store.vonixx.com.br/vintex/limpeza-vintex/limpeza-pintura-vintex/lava-autos,"Diluição diverge entre fontes: 125 ml/5 L na loja oficial, 100 ml/5 L (1:40) e 1:50 em revendedores. Usar a da loja oficial ou confirmar com o fabricante. | EAN candidato 7898511020456 (listado em revendedor; fonte exata não isolada). O EAN apareceu só no resumo agregado da busca, não foi lido em uma página específica; confirmar na embalagem ou na nota do fornecedor antes de enviar ao Merchant Center. | GTIN candidato: Candidato de rodada anterior; nesta rodada nenhuma fonte exibiu o código. | Rodada GTIN: Sem confirmação."
00011,LAVA AUTOS VINTEX 500 ML,Vintex Lava Autos Shampoo Automotivo Concentrado pH Neutro 500 ml,Vintex,Lavagem,2590,,,sim,alta,https://store.vonixx.com.br/vintex/limpeza-vintex/limpeza-pintura-vintex/lava-autos,"Diluição diverge entre fontes: 125 ml/5 L na loja oficial, 100 ml/5 L (1:40) e 1:50 em revendedores. Usar a da loja oficial ou confirmar com o fabricante. | EAN candidato 7898511020289 (listado em revendedor; fonte exata não isolada). O EAN apareceu só no resumo agregado da busca, não foi lido em uma página específica; confirmar na embalagem ou na nota do fornecedor antes de enviar ao Merchant Center. | GTIN candidato: Candidato de rodada anterior; nesta rodada nenhuma fonte exibiu o código. | Rodada GTIN: Sem confirmação."
00114,LIMPA CONTATO,Würth Limpa Contato Spray 300 ml,Würth,Acessórios,503741,,,sim,alta,https://www.wurth.com.br/p/7492578/limpa-contato-spray-300ml-wurth-089365-200-unitario,"O EAN 4050641914156 consta na base Cosmos como 'Limpa Contato Wurth 300ml/200g', mas a base não distingue a linha padrão (089365 200) da W-Max (089365 211). Conferir o código de barras na lata antes de enviar ao Merchant Center. | Varejistas usam o código 389565 (código comercial antigo da Würth Brasil); o código do e-shop é 089365 200. | Categoria Google: não há folha 'limpador de contatos'; usada Solventes, removedores e tíner (503741). | GTIN mantido como candidato: a base Cosmos não distingue a linha padrão (089365 200) da W-Max (089365 211); confirmar na lata antes de publicar."
00102,LIMPA ESTOFADOS 5 L,Vintex Limpa Estofados Limpador Concentrado para Lavagem a Seco 5 L,Vintex,Lavagem,2704,,,sim,alta,https://vintex.com.br/produto/limpa-estofados-5l/,"Nome cadastrado não traz marca; identificado como Vintex porque a loja trabalha a linha e o fabricante tem exatamente essa apresentação de 5 L. Confirmar com a loja. | EAN não encontrado. | Rodada GTIN: Busca por nome + EAN não trouxe GTIN; varejistas (Magalu, Mercado Livre) não mostram o código no resumo indexado."
00107,LIMPA PNEUS,Bugatti Química Pneu Pretinho Limpa Pneus 5 L,Bugatti,Lavagem,2643,,,não,baixa,https://www.excellenceautomotivos.com.br/pneu-pretinho-5l-bugatti,"O cadastro diz 'Limpa Pneus' mas o produto Bugatti localizado é 'Pneu Pretinho' (acabamento). Confirmar se é o pretinho ou um limpador de pneus; se for pretinho, a categoria da loja faria mais sentido em Proteção. | Volume assumido 5 L (único anúncio encontrado); o fabricante indica faixa de preços de R$ 45 a R$ 280, sugerindo várias embalagens. | O modo de aplicação descrito é genérico para pretinho; o fabricante não foi lido diretamente. | Foto entra como representativa: produto confirmado, apresentação (volume/numeração) não conferida na fonte."
00097,"LIMPA VIDROS EM GERAL 1,5 L","Vintex Limpa Vidros Limpador de Vidros e Espelhos Pronto para Uso 1,5 L",Vintex,Lavagem,2846,,,sim,alta,https://store.vonixx.com.br/vintex/limpeza-vintex/vidro-vintex/limpa-vidros,"A loja oficial lista só 500 ml e 5 L; a apresentação de 1,5 L está confirmada em 4 revendedores (GVL, Polibox, Vonixx Mossoró, Universo das Cores). Confirmar se segue em linha. | 'EM GERAL' no nome cadastrado distingue do Limpa Vidros Pro; identificado como o Limpa Vidros comum (pronto para uso). | Nome cadastrado não traz marca; identificado como Vintex. EAN não encontrado. | Rodada GTIN: Busca por nome + EAN não trouxe GTIN; varejistas (Magalu, Mercado Livre) não mostram o código no resumo indexado."
00101,LIMPA VIDROS EM GERAL 5 L,Vintex Limpa Vidros Limpador de Vidros e Espelhos Pronto para Uso 5 L,Vintex,Lavagem,2846,,,sim,alta,https://store.vonixx.com.br/vintex/limpeza-vintex/vidro-vintex/limpa-vidros,"'EM GERAL' no nome cadastrado distingue do Limpa Vidros Pro; identificado como o Limpa Vidros comum (pronto para uso). | Nome cadastrado não traz marca; identificado como Vintex. EAN não encontrado. | Rodada GTIN: Busca por nome + EAN não trouxe GTIN; varejistas (Magalu, Mercado Livre) não mostram o código no resumo indexado."
00098,"LIMPA VIDROS PRO 1,5 L","Vintex Limpa Vidros Pro Limpador de Vidros Concentrado 1:5 1,5 L",Vintex,Lavagem,2846,,,sim,alta,https://store.vonixx.com.br/vintex/limpeza-vintex/vidro-vintex/limpa-vidros-pro,"Nome cadastrado não traz marca; identificado como Vintex. EAN não encontrado. | Rodada GTIN: Busca por nome + EAN não trouxe GTIN; varejistas (Magalu, Mercado Livre) não mostram o código no resumo indexado."
00103,LIMPADOR MULTIACAO 5 L,Vintex Limpador Multiação APC Limpador Multiuso Automotivo 5 L,Vintex,Lavagem,2590,,,sim,alta,https://store.vonixx.com.br/vintex/limpeza-vintex/plastico-e-borracha-vintex/limpador-multiacao,"Nome cadastrado não traz marca; identificado como Vintex. | EAN encontrado só para 1,5 L (7898511020258, no resumo da busca); para 5 L nenhum. | Rodada GTIN: Busca por nome + EAN não trouxe GTIN; varejistas (Magalu, Mercado Livre) não mostram o código no resumo indexado. Magalu/Mercado Livre listam 'Limpador Multiação APC 5L Vintex' sem EAN."
00065,LUVA DE MICROFIBRA 2 EM 1 25X16,"Vintex Luva de Microfibra 2 em 1 para Lavagem Automotiva 90 GSM 25 x 16,5 cm",Vintex,Acessórios,2895,,,sim,alta,https://store.vonixx.com.br/vintex/luvas-e-microfibras-vintex/luva-de-microfibra-2-em-1,"EAN candidato 7898511027790. O EAN apareceu só no resumo agregado da busca, não foi lido em uma página específica; confirmar na embalagem ou na nota do fornecedor antes de enviar ao Merchant Center. | Modo de uso é prática padrão de luva de lavagem; não lido literalmente na página do fabricante. | Não confundir com a Luva 2 em 1 Vonixx 28 x 18,5 cm 380 GSM, produto diferente e mais caro. | GTIN candidato: Candidato de rodada anterior; nesta rodada nenhuma fonte exibiu o código. | Rodada GTIN: Sem confirmação."
00155,LUVA NITRILICA DESCARTAVEL CX 100 UNI,Würth Luva Nitrílica Descartável Preta sem Pó caixa com 100 unidades,Würth,Acessórios,5591,,0899470250,não,media,https://www.wurth.com.br/p/10097056/luva-nitrilica-descartavel-n-7-embalagem-com-100-unidades-wurth-0899470250-kit,"O cadastro não traz o tamanho. Cada tamanho tem código próprio (nº 7 = 0899470250, nº 8 = 0899470251); definir tamanho fixo ou criar variações. | Sem EAN em nenhuma fonte. | GTIN candidato: Würth UAE lista o mesmo art. 0899470250 (nitrílica LIGHT preta, tam. S, 100 un.) com EAN 4065746309189; EAN Würth varia por país e o cadastro não fixa tamanho. Confirmar na caixa. | Rodada GTIN: Fonte do candidato: https://eshop.wurth.ae/Disposable-gloves-nitrile-LIGHT-PROTGLOV-DISPOSABLE-NTR-LIGHT-BLACK-S/0899470250.sku/en/US/AED | Foto entra como representativa: produto confirmado, apresentação (volume/numeração) não conferida na fonte."
00104,LUVA NITRILICA DESCARTAVEL PAR,Würth Luva Nitrílica Descartável Preta sem Pó 1 par,Würth,Acessórios,5591,,,não,baixa,https://www.wurth.com.br/p/10097056/luva-nitrilica-descartavel-n-7-embalagem-com-100-unidades-wurth-0899470250-kit,"Venda fracionada: o par não tem embalagem, código nem EAN próprios da Würth. No Merchant Center, enviar sem GTIN (identifier_exists = false) ou usar o MPN do tamanho com a quantidade no título. | Confirmar o tamanho vendido (ou criar variações). | Foto entra como representativa: produto confirmado, apresentação (volume/numeração) não conferida na fonte."
00158,MARCADOR INDUSTRIAL AMARELO,Würth Marcador Industrial Permanente Tinta 60 g Amarelo,Würth,Acessórios,543608,4099618041990,0967911301,sim,alta,https://www.wurth.com.br/p/10184392/marcador-industrial-amarelo-60g-wurth-0967911301-unitario,"Sem EAN em nenhuma fonte. | As 7 cores são o mesmo produto: no Merchant Center, usar item_group_id comum e o atributo color por variação. | Rodada GTIN: Bate com o cadastro."
00110,MARCADOR INDUSTRIAL AZUL,Würth Marcador Industrial Permanente Tinta 60 g Azul,Würth,Acessórios,543608,4099618041945,0967911302,sim,alta,https://www.wurth.com.br/p/10184391/marcador-industrial-azul-60g-wurth-0967911302-unitario,"Sem EAN em nenhuma fonte. | As 7 cores são o mesmo produto: no Merchant Center, usar item_group_id comum e o atributo color por variação. | Rodada GTIN: Bate com o cadastro."
00159,MARCADOR INDUSTRIAL BRANCO,Würth Marcador Industrial Permanente Tinta 60 g Branco,Würth,Acessórios,543608,4099618041983,0967911303,sim,alta,https://www.wurth.com.br/p/10184390/marcador-industrial-branco-60g-wurth-0967911303-unitario,"Sem EAN em nenhuma fonte. | As 7 cores são o mesmo produto: no Merchant Center, usar item_group_id comum e o atributo color por variação. | Rodada GTIN: Bate com o cadastro."
00160,MARCADOR INDUSTRIAL LARANJA,Würth Marcador Industrial Permanente Tinta 60 g Laranja,Würth,Acessórios,543608,4099618041952,0967911304,sim,alta,https://www.wurth.com.br/p/7492625/marcador-industrial-laranja-60g-wurth-389055-2-unitario,"O laranja aparece na loja Würth com o código antigo 389055 2; o código na série nova provavelmente é 0967911304, mas isso não foi confirmado. | Sem EAN em nenhuma fonte. | As 7 cores são o mesmo produto: no Merchant Center, usar item_group_id comum e o atributo color por variação. | Rodada GTIN: Bate com o cadastro. A página do cadastro trazia o código antigo '389055 2'; o atual no site Würth é 0967911304."
00161,MARCADOR INDUSTRIAL PRETO,Würth Marcador Industrial Permanente Tinta 60 g Preto,Würth,Acessórios,543608,,0967911305,não,media,https://www.wurth.com.br/categoria/produtos-quimicos/aerossois-limpeza-impermeabilizacao-e-lubrificacao/marcadores-lacres,"O código 0967911305 do preto veio do resumo da busca, não de URL própria; confirmar na categoria Marcadores & Lacres do site Würth. | Sem EAN em nenhuma fonte. | As 7 cores são o mesmo produto: no Merchant Center, usar item_group_id comum e o atributo color por variação. | Rodada GTIN: Preto aparece na listagem da categoria como 0967911305, mas o EAN não veio no resumo da busca (as outras seis cores vieram). Abrir a página do produto para ler o código. | Foto entra como representativa: produto confirmado, apresentação (volume/numeração) não conferida na fonte."
00162,MARCADOR INDUSTRIAL VERDE,Würth Marcador Industrial Permanente Tinta 60 g Verde,Würth,Acessórios,543608,4099618041976,0967911306,não,media,https://www.wurth.com.br/categoria/produtos-quimicos/aerossois-limpeza-impermeabilizacao-e-lubrificacao/marcadores-lacres,"O código 0967911306 do verde veio do resumo da busca, não de URL própria; confirmar na categoria Marcadores & Lacres do site Würth. | Sem EAN em nenhuma fonte. | As 7 cores são o mesmo produto: no Merchant Center, usar item_group_id comum e o atributo color por variação. | Rodada GTIN: Bate com o cadastro. | Foto entra como representativa: produto confirmado, apresentação (volume/numeração) não conferida na fonte."
00163,MARCADOR INDUSTRIAL VERMELHO,Würth Marcador Industrial Permanente Tinta 60 g Vermelho,Würth,Acessórios,543608,4099618041938,0967911307,sim,alta,https://www.wurth.com.br/p/10184393/marcador-industrial-vermelho-60g-wurth-0967911307-unitario,"Sem EAN em nenhuma fonte. | As 7 cores são o mesmo produto: no Merchant Center, usar item_group_id comum e o atributo color por variação. | Rodada GTIN: Bate com o cadastro."
00143,MAX BLEND 500 ML,Nitro Max Blend Cera Limpadora com Carnaúba 500 ml,Nitro,Proteção,2643,,,não,media,https://www.casasbahia.com.br/max-blend-cera-limpadora-nitro-500ml/p/1582140449,"As três páginas de varejo (Casas Bahia, Extra, Ponto Frio) são o mesmo anúncio (id 1582140449) do grupo Via, logo contam como uma só fonte. Página do fabricante não encontrada. | Confirmar se o Max Blend pertence à linha Nitro Automotive (Harten) ou à sublinha NitroX; só o 'Hydro Blend' aparece explicitamente como Nitro Automotive. | Não confundir com 'Blend Cleaner Wax' da Vonixx, que domina os resultados de busca. | A marca 'Nitro' destes produtos é a linha Nitro Automotive da Harten Química (hartenquimica.com.br, Brasil, fundada em 2002), e NÃO a Nitro Química (nitroquimica.com.br, fabricante de nitrocelulose). Toda fonte de varejo encontrada atribui a linha à Harten Química. Confirmar com a loja/nota fiscal. | GTIN não exposto em nenhum resultado de busca; não deduzido. | Rodada GTIN: Buscas por nome da linha Nitro/Harten (e pesquisa restrita a Cosmos/Systax) não trouxeram GTIN; Harten não publica EAN nas páginas indexadas. Casas Bahia/Ponto Frio/Extra listam 'Max Blend Cera Limpadora Nitro 500ml' sem EAN. | Foto entra como representativa: produto confirmado, apresentação (volume/numeração) não conferida na fonte."
00125,"OX-PRO 1,5 L","Nitro Ox Pro Limpador Bactericida 7 em 1 Ultraconcentrado 1,5 L",Nitro,Lavagem,2590,,,não,media,https://www.romacardetailing.com.br/ox-pro-500ml-limpador-bactericida-7-em-1-nitro-automotive-line,"Produto confirmado (fabricante + 2 varejistas), mas a apresentação 1,5 L só apareceu em um trecho de resultado de busca ('Ox Pro Multilimpador Bactericida Ultra Concentrado 1,5L, diluição até 1:60') cuja URL não foi capturada; confirmar que existe 1,5 L (500 ml e 5 L estão confirmados). | Diluição 'até 1:60' citada só nesse trecho; não incluída nos atributos por falta de URL. | Página própria do produto no site do fabricante não encontrada (só na coleção Automotiva); fotos oficiais podem ter de vir de revendedor. | Categoria Google alternativa: 2704 (Limpadores de carpetes e estofados), já que o uso principal é interior/extratora. | A marca 'Nitro' destes produtos é a linha Nitro Automotive da Harten Química (hartenquimica.com.br, Brasil, fundada em 2002), e NÃO a Nitro Química (nitroquimica.com.br, fabricante de nitrocelulose). Toda fonte de varejo encontrada atribui a linha à Harten Química. Confirmar com a loja/nota fiscal. | GTIN não exposto em nenhum resultado de busca; não deduzido. | Rodada GTIN: Buscas por nome da linha Nitro/Harten (e pesquisa restrita a Cosmos/Systax) não trouxeram GTIN; Harten não publica EAN nas páginas indexadas. | Foto entra como representativa: produto confirmado, apresentação (volume/numeração) não conferida na fonte."
00126,OX-PRO 5 L,Nitro Ox Pro Limpador Bactericida 7 em 1 Ultraconcentrado 5 L,Nitro,Lavagem,2590,,,sim,alta,https://www.distribuidoragranderio.com.br/Nitro-Limpador-Bacterecida-Ox-Pro-Nitro-5l,"Página própria do produto no site do fabricante não encontrada (só na coleção Automotiva). | Categoria Google alternativa: 2704 (Limpadores de carpetes e estofados). | A marca 'Nitro' destes produtos é a linha Nitro Automotive da Harten Química (hartenquimica.com.br, Brasil, fundada em 2002), e NÃO a Nitro Química (nitroquimica.com.br, fabricante de nitrocelulose). Toda fonte de varejo encontrada atribui a linha à Harten Química. Confirmar com a loja/nota fiscal. | GTIN não exposto em nenhum resultado de busca; não deduzido. | Rodada GTIN: Buscas por nome da linha Nitro/Harten (e pesquisa restrita a Cosmos/Systax) não trouxeram GTIN; Harten não publica EAN nas páginas indexadas."
00042,PINCEL VONIXX EXTERNO,Vonixx Pincel de Detalhamento Externo Cerdas Médias nº 14,Vonixx,Acessórios,2894,,,não,baixa,https://www.mercadolivre.com.br/loja/decorpecas/vonixx,"Numeração não informada no cadastro; assumido nº 14. Confirmar com o produto físico. | Os anúncios divergem sobre cerdas (macias vs. médias) para o externo; a diferenciação interno = macias / externo = médias vem de um anúncio de varejo e precisa ser confirmada no site da Vonixx (vonixx.com.br/produto/). | Página oficial do pincel não pôde ser confirmada (rede bloqueada). | Foto entra como representativa: produto confirmado, apresentação (volume/numeração) não conferida na fonte."
00041,PINCEL VONIXX INTERNO,Vonixx Pincel de Detalhamento Interno Cerdas Macias nº 14,Vonixx,Acessórios,2894,,,não,baixa,https://www.mercadolivre.com.br/loja/decorpecas/vonixx,"Numeração não informada no cadastro; assumido nº 14. Confirmar com o produto físico. | Página oficial do pincel não pôde ser confirmada (rede bloqueada); procurar em vonixx.com.br/produto/ para fotos e descrição oficial. | Foto entra como representativa: produto confirmado, apresentação (volume/numeração) não conferida na fonte."
00154,"PRETINHO PNEU 1,5 L","Vintex Pneu Pretinho Brilho Molhado Protetor de Pneus 1,5 L",Vintex,Proteção,2643,,,sim,alta,https://store.vonixx.com.br/vintex/protecao-vintex/pneu-protecao-vintex/pneu-pretinho,"Nome cadastrado não traz marca; identificado como Vintex Pneu Pretinho por analogia com o SKU 00095 (5 L Vintex). A Vonixx tem também o 'Darker Vintex', outro pretinho; confirmar com a loja qual é. | EAN candidato 7898511032619. O EAN apareceu só no resumo agregado da busca, não foi lido em uma página específica; confirmar na embalagem ou na nota do fornecedor antes de enviar ao Merchant Center. | GTIN candidato: Candidato de rodada anterior; nesta rodada nenhuma fonte exibiu o código. | Rodada GTIN: Sem confirmação."
00142,PRETINHO PNEU NITRO,"Nitro Pneu Pretinho Revitalizador de Pneus NitroX 1,5 L",Nitro,Proteção,2643,,,não,baixa,https://navelimpa.com.br/produtos/pneu-pretinho-revitalizador-pneus-nitrox-harten-quimica-1-5-litros/,"Nome cadastrado é genérico. A Harten tem ao menos três pretinhos: 'Pneu Pretinho NitroX' (1,5 L e 5 L), 'Rubber' Revitalizador de Pneus 500 ml e 'Rubber Pro' (SKU 00140). Confirmar qual é o item físico da loja e o volume. | 'NitroX' parece ser uma sublinha da Harten distinta de 'Nitro Automotive'; confirmar a grafia da marca no rótulo. | Nenhuma apresentação de 500 ml do Pneu Pretinho NitroX foi encontrada; a menor localizada foi 1,5 L. | A marca 'Nitro' destes produtos é a linha Nitro Automotive da Harten Química (hartenquimica.com.br, Brasil, fundada em 2002), e NÃO a Nitro Química (nitroquimica.com.br, fabricante de nitrocelulose). Toda fonte de varejo encontrada atribui a linha à Harten Química. Confirmar com a loja/nota fiscal. | GTIN não exposto em nenhum resultado de busca; não deduzido. | Foto entra como representativa: produto confirmado, apresentação (volume/numeração) não conferida na fonte."
00095,PRETINHO PNEU VINTEX 5 L,Vintex Pneu Pretinho Brilho Molhado Protetor de Pneus 5 L,Vintex,Proteção,2643,,,sim,alta,https://store.vonixx.com.br/vintex/protecao-vintex/pneu-protecao-vintex/pneu-pretinho,"EAN candidato 7898511020227. O EAN apareceu só no resumo agregado da busca, não foi lido em uma página específica; confirmar na embalagem ou na nota do fornecedor antes de enviar ao Merchant Center. | GTIN candidato: Candidato de rodada anterior; nesta rodada nenhuma fonte exibiu o código. | Rodada GTIN: Sem confirmação. Pneu Pretinho 500 ml tem código Vonixx 2010026 (Extra), outro volume."
00137,RENOVA PLASTICOS,Nitro Renovador de Plásticos NitroX 500 ml,Nitro,Proteção,2643,,,não,baixa,https://www.v-onestore.com.br/renovador-de-plastico-nitrox-500ml,"Só um revendedor (V-One Store) lista o produto; página do fabricante não encontrada. | 'Renova Plásticos' é também nome de produto da Vintex/Vonixx (1,5 L e 3 L) e de outras marcas; confirmar se o item da loja é realmente Nitro/NitroX e não Vintex. | Sobreposição com o Renovex (SKU 00138), que também é renovador de plásticos da mesma fabricante; confirmar que são dois itens distintos no estoque. | Volume não consta no cadastro; escolhido 500 ml como menor apresentação de varejo. | A marca 'Nitro' destes produtos é a linha Nitro Automotive da Harten Química (hartenquimica.com.br, Brasil, fundada em 2002), e NÃO a Nitro Química (nitroquimica.com.br, fabricante de nitrocelulose). Toda fonte de varejo encontrada atribui a linha à Harten Química. Confirmar com a loja/nota fiscal. | GTIN não exposto em nenhum resultado de busca; não deduzido. | Foto entra como representativa: produto confirmado, apresentação (volume/numeração) não conferida na fonte."
00138,RENOVEX,Nitro Renovex Restaurador e Protetor de Plásticos 500 ml,Nitro,Proteção,2643,,,sim,alta,https://www.hartenquimica.com.br/products/renovex-restauracao-e-protecao-para-superficies-plasticas,"Volume não consta no cadastro; escolhido 500 ml (menor apresentação de varejo; existe 1,5 L). | A marca 'Nitro' destes produtos é a linha Nitro Automotive da Harten Química (hartenquimica.com.br, Brasil, fundada em 2002), e NÃO a Nitro Química (nitroquimica.com.br, fabricante de nitrocelulose). Toda fonte de varejo encontrada atribui a linha à Harten Química. Confirmar com a loja/nota fiscal. | GTIN não exposto em nenhum resultado de busca; não deduzido. | Rodada GTIN: Buscas por nome da linha Nitro/Harten (e pesquisa restrita a Cosmos/Systax) não trouxeram GTIN; Harten não publica EAN nas páginas indexadas."
00132,REVOKE 500 ML,Nitro Revoke Limpador de Pneus e Borrachas 500 ml,Nitro,Lavagem,2590,,,sim,alta,https://www.bhb.com.br/revoke-limpador-de-pneus-e-borrachas-nitro-automotive-500ml,"Página própria do produto no site do fabricante não localizada (consta na coleção Automotiva). | A marca 'Nitro' destes produtos é a linha Nitro Automotive da Harten Química (hartenquimica.com.br, Brasil, fundada em 2002), e NÃO a Nitro Química (nitroquimica.com.br, fabricante de nitrocelulose). Toda fonte de varejo encontrada atribui a linha à Harten Química. Confirmar com a loja/nota fiscal. | GTIN não exposto em nenhum resultado de busca; não deduzido. | Rodada GTIN: Buscas por nome da linha Nitro/Harten (e pesquisa restrita a Cosmos/Systax) não trouxeram GTIN; Harten não publica EAN nas páginas indexadas."
00133,REVOKE 5L,Nitro Revoke Limpador de Pneus e Borrachas 5 L,Nitro,Lavagem,2590,,,não,media,https://www.bhb.com.br/revoke-limpador-de-pneus-e-borrachas-nitro-automotive-500ml,"Produto confirmado, mas NENHUMA listagem de Revoke em 5 L foi encontrada (só 500 ml). Confirmar se a apresentação existe ou se o cadastro está errado. | Fotos disponíveis são do frasco de 500 ml; o galão 5 L pode ter rótulo diferente. | A marca 'Nitro' destes produtos é a linha Nitro Automotive da Harten Química (hartenquimica.com.br, Brasil, fundada em 2002), e NÃO a Nitro Química (nitroquimica.com.br, fabricante de nitrocelulose). Toda fonte de varejo encontrada atribui a linha à Harten Química. Confirmar com a loja/nota fiscal. | GTIN não exposto em nenhum resultado de busca; não deduzido. | Rodada GTIN: Buscas por nome da linha Nitro/Harten (e pesquisa restrita a Cosmos/Systax) não trouxeram GTIN; Harten não publica EAN nas páginas indexadas. | Foto entra como representativa: produto confirmado, apresentação (volume/numeração) não conferida na fonte."
00140,RUBBER PRO,Nitro Rubber Pro Revitalizador de Pneus e Plásticos 500 ml,Nitro,Proteção,2643,,,não,media,https://hartenquimica.com.br/products/rubber-pro-revitalizador-de-pneus-e-plasticos,"Volume não consta no cadastro nem foi lido na página do fabricante (bloqueada para leitura direta). O revendedor lista 'Rubber' Revitalizador de Pneus 500 ml, provavelmente o mesmo produto; confirmar nome exato do rótulo ('Rubber' x 'Rubber Pro' x 'Tec Rubber') e volume. | Possível sobreposição com SKU 00142 (Pretinho Pneu Nitro). | A marca 'Nitro' destes produtos é a linha Nitro Automotive da Harten Química (hartenquimica.com.br, Brasil, fundada em 2002), e NÃO a Nitro Química (nitroquimica.com.br, fabricante de nitrocelulose). Toda fonte de varejo encontrada atribui a linha à Harten Química. Confirmar com a loja/nota fiscal. | GTIN não exposto em nenhum resultado de busca; não deduzido. | Rodada GTIN: Buscas por nome da linha Nitro/Harten (e pesquisa restrita a Cosmos/Systax) não trouxeram GTIN; Harten não publica EAN nas páginas indexadas. | Foto entra como representativa: produto confirmado, apresentação (volume/numeração) não conferida na fonte."
00145,SANITIZANTE BOM AR,Nitro Sanitizante Bom Ar 200 ml,Nitro,Aromatizantes,2789,,,não,baixa,,"Nenhum 'Sanitizante Bom Ar' da Nitro/Harten foi encontrado. Hipóteses: (a) fragrância Nitro não indexada; (b) o item da loja é na verdade o Sanitizante Fresh Nitro 200 ml; (c) o item é o Sanitizante Bom Ar da Vintex/Vonixx (1,5 L ou 5 L) e a marca do cadastro está errada. Verificar o rótulo físico antes de publicar. | Não há página de fotos indicada porque o produto não foi identificado. | Descrição redigida a partir da família de sanitizantes Nitro, não de uma página específica deste item. | A marca 'Nitro' destes produtos é a linha Nitro Automotive da Harten Química (hartenquimica.com.br, Brasil, fundada em 2002), e NÃO a Nitro Química (nitroquimica.com.br, fabricante de nitrocelulose). Toda fonte de varejo encontrada atribui a linha à Harten Química. Confirmar com a loja/nota fiscal. | GTIN não exposto em nenhum resultado de busca; não deduzido."
00146,SANITIZANTE CARRO NOVO,Nitro Sanitizante Carro Novo 200 ml,Nitro,Aromatizantes,2789,,,sim,alta,https://www.hartenquimica.com.br/products/sanitizante-carro-novo,"Existe também 'Sanitizante Carro Novo' da Vintex (1,5 L e 5 L; ex.: GVL Distribuidora). Confirmar que o item da loja é o Nitro 200 ml. | Modo de uso detalhado (tempo de ação, portas fechadas etc.) não foi lido; só a aplicação genérica. | A marca 'Nitro' destes produtos é a linha Nitro Automotive da Harten Química (hartenquimica.com.br, Brasil, fundada em 2002), e NÃO a Nitro Química (nitroquimica.com.br, fabricante de nitrocelulose). Toda fonte de varejo encontrada atribui a linha à Harten Química. Confirmar com a loja/nota fiscal. | GTIN não exposto em nenhum resultado de busca; não deduzido. | Rodada GTIN: Buscas por nome da linha Nitro/Harten (e pesquisa restrita a Cosmos/Systax) não trouxeram GTIN; Harten não publica EAN nas páginas indexadas."
00057,SANITIZANTE CARRO NOVO 1.5L,"Vintex Sanitizante Carro Novo Bactericida para Interior de Veículos 1,5 L",Vintex,Lavagem,2590,,,sim,alta,https://store.vonixx.com.br/vintex/sanitizantes-vintex/sanitizante-carro-novo,"Categoria da loja: hoje está em Proteção. Proposta: Lavagem (higienização). Alternativa aceitável: Aromatizantes, já que a loja o vende também pelo cheiro. | Alegação de 99,99% de eliminação de bactérias aparece em revendedores; não incluída na descrição por não ter sido lida na página do fabricante. | EAN não encontrado em nenhuma fonte. | Rodada GTIN: Busca por nome + EAN não trouxe GTIN; varejistas (Magalu, Mercado Livre) não mostram o código no resumo indexado. Só 'Sanitizante Fresh 5L Vintex' apareceu, outro aroma, sem EAN."
00100,SANITIZANTE CARRO NOVO 5 L,Vintex Sanitizante Carro Novo Bactericida para Interior de Veículos 5 L,Vintex,Lavagem,2590,,,sim,alta,https://store.vonixx.com.br/vintex/sanitizantes-vintex/sanitizante-carro-novo,"Categoria da loja: hoje está em Proteção. Proposta: Lavagem (higienização). Alternativa aceitável: Aromatizantes, já que a loja o vende também pelo cheiro. | Alegação de 99,99% de eliminação de bactérias aparece em revendedores; não incluída na descrição por não ter sido lida na página do fabricante. | EAN não encontrado em nenhuma fonte. | Rodada GTIN: Busca por nome + EAN não trouxe GTIN; varejistas (Magalu, Mercado Livre) não mostram o código no resumo indexado. Só 'Sanitizante Fresh 5L Vintex' apareceu, outro aroma, sem EAN."
00106,SILICONE GEL 1 L,Bugatti Química Silicone Gel para Plásticos e Borrachas 1 L,Bugatti,Proteção,2643,,,não,baixa,https://www.bugattiprodutos.com.br/,"Não foi encontrada página específica do Silicone Gel Bugatti nem anúncio de 1 L; o catálogo do fabricante apenas cita 'silicone para limpeza de plástico'. Confirmar nome exato, volume e foto no rótulo. | Modo de uso descrito é genérico para silicone em gel automotivo. | Foto entra como representativa: produto confirmado, apresentação (volume/numeração) não conferida na fonte."
00105,SILICONE LIQUIDO 1 L,Bugatti Química Silicone Líquido para Plásticos e Borrachas 1 L,Bugatti,Proteção,2643,,,não,baixa,https://www.bugattiprodutos.com.br/,"Não foi encontrada página específica do Silicone Líquido Bugatti nem anúncio de 1 L. Confirmar nome exato, volume e foto no rótulo. | Modo de uso descrito é genérico para silicone líquido automotivo. | Foto entra como representativa: produto confirmado, apresentação (volume/numeração) não conferida na fonte."
00112,SILICONE SPRAY,Würth Silicone Spray Neutro Lubrificante e Protetor 300 ml,Würth,Proteção,1753,,0893221301,sim,alta,https://www.wurth.com.br/p/7492695/silicone-spray-neutro-300ml-wurth-0893221301-unitario,"O EAN 4053479817095 encontrado é da variante W-Max (0893221311), não da linha Würth neutra; por isso gtin ficou null. Conferir o código de barras na lata. | A Würth lista o 300 ml sob dois códigos (0893221301 e 08932213); confirmar qual consta na embalagem. | Categoria Google alternativa, se a loja preferir enquadrar como protetor automotivo: 2643 Ceras, graxas e protetores de veículos. | GTIN candidato: Cosmos: '*SILICONE SPRAY 300ML' (NCM 3910.00.12, não auditado), apareceu em busca restrita ao Cosmos junto da página da marca Würth, mas a ficha não confirma a marca. Verificar na lata. | Rodada GTIN: Fonte do candidato: https://cosmos.bluesoft.com.br/produtos/7896771242151-silicone-spray-300ml . Lojas Würth internacionais só trazem 500 ml (0893221) e 20 L."
00068,SNOW FOAM BICO AMARELO GICLE 1.3 MM,"Detailer Snow Foam Canhão de Espuma Bico Amarelo Giclê 1,3 mm 1 L",Detailer,Acessórios,2895,,,não,media,https://detailer.com.br/snow-foam/,"O nome cadastrado pode se referir ao canhão completo (bico amarelo, 1,3 mm) ou só ao giclê/bico de reposição de 1,3 mm. O preço e a foto da embalagem decidem; o dossiê assume o canhão completo. | Tipo de engate (rosca 14 mm, engate rápido Karcher, etc.) não confirmado para esta versão. | Modo de uso é prática padrão de snow foam, não lido na página do fabricante. | EAN não encontrado. | Rodada GTIN: Magalu lista 'Snow Foam Canhão de Espuma Detailer' (1 L) sem EAN; cor do bico não indicada. | Foto entra como representativa: produto confirmado, apresentação (volume/numeração) não conferida na fonte."
00069,SNOW FOAM BICO VERMELHO / LAVADORA D ALTA PRESSAO,"Detailer Snow Foam Canhão de Espuma Bico Vermelho Giclê 1,1 mm para Lavadora de Alta Pressão 1 L",Detailer,Acessórios,2895,,,não,media,https://detailer.com.br/snow-foam/,"Giclê de 1,1 mm e rosca de 14 mm vêm de um só revendedor; confirmar com a embalagem. | Como no SKU 00068, confirmar se é o canhão completo ou só o bico de reposição. | A pesquisa específica sobre o bico vermelho não pôde ser concluída (cota de buscas da sessão esgotada). | EAN não encontrado. | Rodada GTIN: Magalu lista 'Snow Foam Canhão de Espuma Detailer' (1 L) sem EAN; cor do bico não indicada. | Foto entra como representativa: produto confirmado, apresentação (volume/numeração) não conferida na fonte."
00117,"SPEEL CAR 1,5 L","Nitro Speel Car Shampoo Automotivo Concentrado pH Neutro 1,5 L",Nitro,Lavagem,2590,,,sim,alta,https://www.hartenquimica.com.br/products/speel-car,"A apresentação 1,5 L apareceu em trecho de resultado ('Shampoo Automotivo Super Concentrado 1,5L') sem URL própria capturada; 500 ml está confirmado em 3 revendedores. Confirmar o rótulo do 1,5 L. | Um revendedor grafa 'Spell Car'; a grafia do fabricante é 'Speel Car'. | A marca 'Nitro' destes produtos é a linha Nitro Automotive da Harten Química (hartenquimica.com.br, Brasil, fundada em 2002), e NÃO a Nitro Química (nitroquimica.com.br, fabricante de nitrocelulose). Toda fonte de varejo encontrada atribui a linha à Harten Química. Confirmar com a loja/nota fiscal. | GTIN não exposto em nenhum resultado de busca; não deduzido. | Rodada GTIN: Buscas por nome da linha Nitro/Harten (e pesquisa restrita a Cosmos/Systax) não trouxeram GTIN; Harten não publica EAN nas páginas indexadas."
00119,SPEEL CAR 5L,Nitro Speel Car Shampoo Automotivo Concentrado pH Neutro 5 L,Nitro,Lavagem,2590,,,não,media,https://www.hartenquimica.com.br/products/speel-car,"Produto confirmado no fabricante, mas as apresentações encontradas foram 500 ml, 1,5 L e 20 L; o galão de 5 L não apareceu em nenhuma listagem. Confirmar se existe. | Fotos oficiais podem ser do frasco de 500 ml. | A marca 'Nitro' destes produtos é a linha Nitro Automotive da Harten Química (hartenquimica.com.br, Brasil, fundada em 2002), e NÃO a Nitro Química (nitroquimica.com.br, fabricante de nitrocelulose). Toda fonte de varejo encontrada atribui a linha à Harten Química. Confirmar com a loja/nota fiscal. | GTIN não exposto em nenhum resultado de busca; não deduzido. | Rodada GTIN: Buscas por nome da linha Nitro/Harten (e pesquisa restrita a Cosmos/Systax) não trouxeram GTIN; Harten não publica EAN nas páginas indexadas. | Foto entra como representativa: produto confirmado, apresentação (volume/numeração) não conferida na fonte."
00139,SPLIT,Nitro Split Removedor de Piche e Cola 500 ml,Nitro,Lavagem,2590,,,não,media,https://hartenquimica.com.br/collections/automotiva,"Produto consta na coleção Automotiva do fabricante (R$ 50,40), mas a página própria não foi localizada e o volume não foi lido. 500 ml é presunção pelo padrão da linha; confirmar. | Modo de uso e superfícies não confirmados; descrição é mínima de propósito. Pedir ficha técnica ao fabricante. | Fotos: a coleção do fabricante exibe miniatura; página do produto a confirmar. | A marca 'Nitro' destes produtos é a linha Nitro Automotive da Harten Química (hartenquimica.com.br, Brasil, fundada em 2002), e NÃO a Nitro Química (nitroquimica.com.br, fabricante de nitrocelulose). Toda fonte de varejo encontrada atribui a linha à Harten Química. Confirmar com a loja/nota fiscal. | GTIN não exposto em nenhum resultado de busca; não deduzido. | Rodada GTIN: Buscas por nome da linha Nitro/Harten (e pesquisa restrita a Cosmos/Systax) não trouxeram GTIN; Harten não publica EAN nas páginas indexadas. | Foto entra como representativa: produto confirmado, apresentação (volume/numeração) não conferida na fonte."
00108,SUPER TOQUE,Bugatti Química Super Toque Shampoo Desincrustante Alcalino 3 em 1 5 L,Bugatti,Lavagem,2590,,,não,media,https://www.excellenceautomotivos.com.br/desengraxante-3x1-5l-bugatti,"Os anúncios divergem entre '3x1' e '4x1'; confirmar no rótulo da loja. | Diluição exata não encontrada nas fontes; o modo de uso descrito é o padrão de shampoo sem toque e precisa de confirmação no rótulo. | Não foi localizada página do produto no site do fabricante (a página 'Limpeza Pesada' em bugattiquimica.com/categoria/limpeza-pesada/ é a candidata). | Rodada GTIN: Mercado Livre lista 'Shampoo Automotivo Bugatti 5l' sem EAN; nenhuma base GTIN traz Super Toque. | Foto entra como representativa: produto confirmado, apresentação (volume/numeração) não conferida na fonte."
00063,TOALHA MICROFIBRA 40X80,Vintex Toalha de Secagem em Microfibra 350 GSM 40 x 80 cm,Vintex,Acessórios,2895,,,não,baixa,https://store.vonixx.com.br/vintex/luvas-e-microfibras-vintex/toalha-de-secagem,"O produto da loja foi listado como Detailer, mas nenhuma toalha Detailer 40x80 apareceu; a única 40x80 de fabricante é a Toalha de Secagem Vintex 350 GSM. Confirmar marca, gramatura e cor pela embalagem antes de publicar. | Se for Detailer, as candidatas são a Toalha de Secagem 370 GSM (47x87 cm) ou a Coreana 420 GSM (48x88 cm), e o nome cadastrado estaria com medida errada. | Modo de uso é prática padrão. EAN não encontrado. | Foto entra como representativa: produto confirmado, apresentação (volume/numeração) não conferida na fonte."
00062,TOALHA MICROFIBRA DIVERSAS 37X57,Detailer Toalha de Microfibra Multiuso 37 x 57 cm Cores Sortidas,Detailer,Acessórios,2895,,,não,baixa,https://detailer.com.br/microfibras/,"Confirmar a gramatura pela embalagem: 330 GSM (cores sortidas, corte a laser), 600 GSM (dupla face) ou suede 250 GSM. O nome proposto fica sem gramatura até isso ser confirmado. | O anúncio da 500 Pro chama o item de 'Mandala Detailer'; conferir se o fabricante é Detailer mesmo. | Descrição é genérica de microfibra multiuso; nenhuma página do fabricante foi lida (acesso bloqueado). | EAN não encontrado. | Foto entra como representativa: produto confirmado, apresentação (volume/numeração) não conferida na fonte."
00046,V-80,Vonixx V80 Selante Sintético para Pintura 500 ml,Vonixx,Proteção,2643,,,sim,alta,https://www.vonixx.com.br/produto/v80/,"Tempo de cura e rendimento não constam nas fontes lidas; o modo de uso é orientação geral de selante e deve ser conferido no rótulo. | O nome correto do fabricante é 'V80' (sem hífen); ajustar o cadastro. | Rodada GTIN: Listagens Mercado Livre/Magalu do V80 500ml sem EAN. SiO2-PRO 500ml tem 7898511027110 (eBay), outro produto."
00054,V-PAINT,Vonixx V-Paint Revestimento Cerâmico para Pintura 20 ml,Vonixx,Vitrificação,2643,,,não,media,https://clean-garage.com/vonixx-v-paint-pro-paint-ceramic-coating-50ml-kit,"Apresentação não informada no cadastro: o fabricante vende 20 ml e 50 ml (e a versão PRO em 50 ml). Assumido 20 ml; confirmar com o estoque. | Página oficial em vonixx.com.br não pôde ser lida (rede bloqueada); trocar paginaDasFotos pela oficial. | A frase sobre o rendimento do frasco de 20 ml ('atende a um veículo') é inferência a partir do rendimento do 50 ml; confirmar no rótulo. | GTIN candidato: clean-garage.com lista o V-Paint PRO 50 ml kit com MPN 7898511027103; volume (50 ml) e versão (PRO) diferem do cadastro (20 ml). Não usar como GTIN. | Rodada GTIN: Fonte do candidato: https://clean-garage.com/vonixx-v-paint-pro-paint-ceramic-coating-50ml-kit | Foto entra como representativa: produto confirmado, apresentação (volume/numeração) não conferida na fonte."
00144,VENON 500 ML,Nitro Venon Verniz de Motor e Caixa de Roda 500 ml,Nitro,Proteção,2643,,,não,media,https://www.v-onestore.com.br/venon-nitro-500ml,"Só um revendedor (V-One Store) descreve o produto; página do fabricante não localizada (bloqueada para leitura direta; busca site: não retornou). | Modo de uso (distância de aplicação, tempo de secagem) não confirmado. | A marca 'Nitro' destes produtos é a linha Nitro Automotive da Harten Química (hartenquimica.com.br, Brasil, fundada em 2002), e NÃO a Nitro Química (nitroquimica.com.br, fabricante de nitrocelulose). Toda fonte de varejo encontrada atribui a linha à Harten Química. Confirmar com a loja/nota fiscal. | GTIN não exposto em nenhum resultado de busca; não deduzido. | Rodada GTIN: Buscas por nome da linha Nitro/Harten (e pesquisa restrita a Cosmos/Systax) não trouxeram GTIN; Harten não publica EAN nas páginas indexadas. | Foto entra como representativa: produto confirmado, apresentação (volume/numeração) não conferida na fonte."
