"id";"nome";"marca";"sku";"ativo";"fotos";"gtin";"gtinValido";"pendencias";"frete";"estoque";"fonte";"pagina"
"cmtv7ccbd0006pd01qavn5k9r";"ACITROX";"Nitro";"00120";"não";"0";"";"ausente";"foto confirmada | descrição | descrição curta | preço de venda | GTIN: confirmar no rótulo ou justificar inexistência";"Peso e dimensões da embalagem não informados individualmente";"Não controlado; confirmar se deseja controlar";"";"https://brilhax.lojas.avilaops.com/produtos/acitrox"
"cmtv7cdh7007gpd01sqmiamhw";"MASSA DE POLIR 500 ML";"Vintex";"00049";"não";"1";"";"ausente";"preço de venda | GTIN: confirmar no rótulo ou justificar inexistência";"Peso e dimensões da embalagem não informados individualmente";"Não controlado; confirmar se deseja controlar";"https://lojas.avilaops.com/uploads/brilhax/mtv7bzf6-2dc9aae9.webp";"https://brilhax.lojas.avilaops.com/produtos/massa-de-polir-500-ml"
"cmtv7ccmm0024pd01tf2oanf9";"Boina Micro Wolf 152mm / 6pol Ventilado";"Wolf Pads";"WP-605";"sim";"1";"";"ausente";"GTIN: confirmar no rótulo ou justificar inexistência";"Peso e dimensões da embalagem não informados individualmente";"Não controlado; confirmar se deseja controlar";"https://www.wolfpads.com.br/boinas-para-polimento/micro-wolf/micro-wolf-152mm-6pol/";"https://brilhax.lojas.avilaops.com/produtos/boina-micro-wolf-152mm-6pol-ventilado"
"cmtv7cco4002gpd01jzxzoseq";"CERA BLEND CLEANER PASTA WAX 500 ML";"Vonixx";"00024";"não";"0";"";"ausente";"foto confirmada | descrição | descrição curta | preço de venda | GTIN: confirmar no rótulo ou justificar inexistência";"Peso e dimensões da embalagem não informados individualmente";"Não controlado; confirmar se deseja controlar";"";"https://brilhax.lojas.avilaops.com/produtos/cera-blend-cleaner-pasta-wax-500-ml"
"cmtv7ccvs003qpd01szoo75cd";"ESCOVA PARA LIMPEZA CAIXA DE RODA";"Detailer";"00073";"não";"0";"";"ausente";"foto confirmada | descrição | descrição curta | preço de venda | GTIN: confirmar no rótulo ou justificar inexistência";"Peso e dimensões da embalagem não informados individualmente";"Não controlado; confirmar se deseja controlar";"";"https://brilhax.lojas.avilaops.com/produtos/escova-para-limpeza-caixa-de-roda"
"cmtv7cdjh007wpd01wk9qc061";"OX-PRO 1,5 L";"Nitro";"00125";"não";"0";"";"ausente";"foto confirmada | descrição | descrição curta | preço de venda | GTIN: confirmar no rótulo ou justificar inexistência";"Peso e dimensões da embalagem não informados individualmente";"Não controlado; confirmar se deseja controlar";"";"https://brilhax.lojas.avilaops.com/produtos/ox-pro-1-5-l"
"cmtv7cdq20092pd01emnpv4zr";"REMOVEX 1,5";"Vintex";"00058";"não";"1";"";"ausente";"preço de venda | GTIN: confirmar no rótulo ou justificar inexistência";"Peso e dimensões da embalagem não informados individualmente";"Não controlado; confirmar se deseja controlar";"https://lojas.avilaops.com/uploads/brilhax/mtv7c5e1-a634cbd1.webp";"https://brilhax.lojas.avilaops.com/produtos/removex-1-5"
"cmtv7cdt1009kpd015vcgi1qu";"REVOKE 5L";"Nitro";"00133";"não";"0";"";"ausente";"foto confirmada | descrição | descrição curta | preço de venda | GTIN: confirmar no rótulo ou justificar inexistência";"Peso e dimensões da embalagem não informados individualmente";"Não controlado; confirmar se deseja controlar";"";"https://brilhax.lojas.avilaops.com/produtos/revoke-5l"
"cmtv7cdxk00acpd01rburc65j";"SILICONE SPRAY";"Würth";"00112";"não";"0";"";"ausente";"foto confirmada | descrição | descrição curta | preço de venda | GTIN: confirmar no rótulo ou justificar inexistência";"Peso e dimensões da embalagem não informados individualmente";"Não controlado; confirmar se deseja controlar";"";"https://brilhax.lojas.avilaops.com/produtos/silicone-spray"
"cmtv7ce5p00bopd01jty1w3po";"TOALHA MICROFIBRA AZUL CLARA 47X77";"Detailer";"00064";"não";"2";"";"ausente";"preço de venda | GTIN: confirmar no rótulo ou justificar inexistência";"Peso e dimensões da embalagem não informados individualmente";"Não controlado; confirmar se deseja controlar";"https://detailer.com.br/pano-microfibra-230gsm/";"https://brilhax.lojas.avilaops.com/produtos/toalha-microfibra-azul-clara-47x77"
"cmtv7ce7900c0pd01ptldmk48";"V-80";"Vonixx";"00046";"não";"0";"";"ausente";"foto confirmada | preço de venda | GTIN: confirmar no rótulo ou justificar inexistência";"Peso e dimensões da embalagem não informados individualmente";"Não controlado; confirmar se deseja controlar";"https://www.vonixx.com.br/produto/v80/";"https://brilhax.lojas.avilaops.com/produtos/v-80"
"cmtv7ceb000cipd01vzsriylc";"V-MOL 5L";"Vonixx";"00040";"não";"1";"";"ausente";"preço de venda | GTIN: confirmar no rótulo ou justificar inexistência";"Peso e dimensões da embalagem não informados individualmente";"Não controlado; confirmar se deseja controlar";"https://www.vonixx.com.br/produto/v-mol/";"https://brilhax.lojas.avilaops.com/produtos/v-mol-5l"
"cmtv7cca30004pd01brt5zbuv";"ACIDUS FAST 500ML";"Vonixx";"7898511024485";"sim";"1";"7898511024485";"formato/dígito válidos";"";"Peso e dimensões da embalagem não informados individualmente";"Não controlado; confirmar se deseja controlar";"https://www.vonixx.com.br/produto/acidus-fast/";"https://brilhax.lojas.avilaops.com/produtos/acidus-fast-500ml"
"cmtv7ccbm0008pd01arf74g53";"ACITROX 5 L";"Nitro";"00121";"não";"0";"";"ausente";"foto confirmada | descrição | descrição curta | preço de venda | GTIN: confirmar no rótulo ou justificar inexistência";"Peso e dimensões da embalagem não informados individualmente";"Não controlado; confirmar se deseja controlar";"";"https://brilhax.lojas.avilaops.com/produtos/acitrox-5-l"
"cmtv7ccbv000apd01z5s4nd5v";"ALTROX 1,5 L";"Nitro";"00127";"não";"0";"";"ausente";"foto confirmada | descrição | descrição curta | preço de venda | GTIN: confirmar no rótulo ou justificar inexistência";"Peso e dimensões da embalagem não informados individualmente";"Não controlado; confirmar se deseja controlar";"";"https://brilhax.lojas.avilaops.com/produtos/altrox-1-5-l"
"cmtv7ccc4000cpd01zh7kcsxq";"ALTROX 5L";"Nitro";"00128";"não";"0";"";"ausente";"foto confirmada | descrição | descrição curta | preço de venda | GTIN: confirmar no rótulo ou justificar inexistência";"Peso e dimensões da embalagem não informados individualmente";"Não controlado; confirmar se deseja controlar";"";"https://brilhax.lojas.avilaops.com/produtos/altrox-5l"
"cmtv7ccce000epd0135gt2c3n";"ALUMAX 1.5L";"Vintex";"00056";"não";"1";"";"ausente";"preço de venda | GTIN: confirmar no rótulo ou justificar inexistência";"Peso e dimensões da embalagem não informados individualmente";"Não controlado; confirmar se deseja controlar";"https://lojas.avilaops.com/uploads/brilhax/mtv7blkp-8a07e642.webp";"https://brilhax.lojas.avilaops.com/produtos/alumax-1-5l"
"cmtv7ccco000gpd01ecxcai3j";"ALUMAX 5L";"Vintex";"00059";"não";"1";"";"ausente";"preço de venda | GTIN: confirmar no rótulo ou justificar inexistência";"Peso e dimensões da embalagem não informados individualmente";"Não controlado; confirmar se deseja controlar";"https://lojas.avilaops.com/uploads/brilhax/mtv7bldu-870483b9.webp";"https://brilhax.lojas.avilaops.com/produtos/alumax-5l"
"cmtv7cccz000ipd01jyiyvj6e";"ALUMAX CONCENTRADO 5L";"Vintex";"JARBAS-26f95b5d";"sim";"1";"";"ausente";"GTIN: confirmar no rótulo ou justificar inexistência";"Peso e dimensões da embalagem não informados individualmente";"Não controlado; confirmar se deseja controlar";"https://lojas.avilaops.com/uploads/brilhax/mtv7bldu-870483b9.webp";"https://brilhax.lojas.avilaops.com/produtos/alumax-concentrado-5l"
"cmtv7ccda000kpd018rzpd4ky";"ALUMAX LIMPADOR DE ALUMINIO E CARROCERIA 1.5L VINTEX";"Vintex";"JARBAS-83e5db8f";"sim";"1";"";"ausente";"descrição curta | GTIN: confirmar no rótulo ou justificar inexistência";"Peso e dimensões da embalagem não informados individualmente";"Não controlado; confirmar se deseja controlar";"";"https://brilhax.lojas.avilaops.com/produtos/alumax-limpador-de-aluminio-e-carroceria-1-5l-vintex"
"cmtv7ccdp000opd015fqcfcer";"ANTI-DESLIZANTE PARA CORREIAS";"Würth";"00113";"não";"0";"";"ausente";"foto confirmada | descrição | descrição curta | preço de venda | GTIN: confirmar no rótulo ou justificar inexistência";"Peso e dimensões da embalagem não informados individualmente";"Não controlado; confirmar se deseja controlar";"";"https://brilhax.lojas.avilaops.com/produtos/anti-deslizante-para-correias"
"cmtv7cce2000qpd01u6vsvhu6";"APLICADOR DE ESPUMA 02 UNIDADES";"Vonixx";"00066";"não";"0";"";"ausente";"foto confirmada | descrição | descrição curta | preço de venda | GTIN: confirmar no rótulo ou justificar inexistência";"Peso e dimensões da embalagem não informados individualmente";"Não controlado; confirmar se deseja controlar";"";"https://brilhax.lojas.avilaops.com/produtos/aplicador-de-espuma-02-unidades"
"cmtv7cced000spd01nb1ad6e5";"APLICADOR ESP PCT 2UND";"Vonixx";"7898511032855";"sim";"2";"7898511032855";"formato/dígito válidos";"descrição curta";"Peso e dimensões da embalagem não informados individualmente";"Não controlado; confirmar se deseja controlar";"";"https://brilhax.lojas.avilaops.com/produtos/aplicador-esp-pct-2und-2"
"cmtv7ccem000upd01sv7iw86j";"APLICADOR ESP PCT 2UND";"Vonixx";"7898511020012";"não";"1";"7898511020012";"formato/dígito válidos";"descrição curta | preço de venda";"Peso e dimensões da embalagem não informados individualmente";"Não controlado; confirmar se deseja controlar";"";"https://brilhax.lojas.avilaops.com/produtos/aplicador-esp-pct-2und"
"cmtv7ccev000wpd0108l58k09";"APLICADOR MICROFIBRA C/ ENCAIXE DE MÃO";"Vonixx";"7898511034255";"sim";"2";"7898511034255";"formato/dígito válidos";"";"Peso e dimensões da embalagem não informados individualmente";"Não controlado; confirmar se deseja controlar";"https://www.vonixx.com.br/produto/aplicador-de-microfibra-com-encaixe-de-mao/";"https://brilhax.lojas.avilaops.com/produtos/aplicador-microfibra-c-encaixe-de-mao"
"cmtv7ccf5000ypd01do3gb24i";"APLICADOR PRODUTOS PNEU VINTEX 2 UNI";"Vintex";"00087";"não";"0";"";"ausente";"foto confirmada | descrição | descrição curta | preço de venda | GTIN: confirmar no rótulo ou justificar inexistência";"Peso e dimensões da embalagem não informados individualmente";"Não controlado; confirmar se deseja controlar";"";"https://brilhax.lojas.avilaops.com/produtos/aplicador-produtos-pneu-vintex-2-uni"
"cmtv7ccfg0012pd01w4tfrc3s";"AROMA CARRO NOVO VINTEX 1.5L";"Vintex";"JARBAS-312af194";"sim";"1";"";"ausente";"descrição | descrição curta | GTIN: confirmar no rótulo ou justificar inexistência";"Peso e dimensões da embalagem não informados individualmente";"Não controlado; confirmar se deseja controlar";"";"https://brilhax.lojas.avilaops.com/produtos/aroma-carro-novo-vintex-1-5l"
"cmtv7ccfq0014pd01jxe9hvub";"AROMINHA CARRO NOVO SCENT";"Scent";"JARBAS-b2c1d20e";"sim";"4";"";"ausente";"descrição | descrição curta | GTIN: confirmar no rótulo ou justificar inexistência";"Peso e dimensões da embalagem não informados individualmente";"Não controlado; confirmar se deseja controlar";"";"https://brilhax.lojas.avilaops.com/produtos/arominha-carro-novo-scent"
"cmtv7cdi7007opd01fblfujhl";"MOTO-V 500ML";"Vonixx";"00083";"não";"1";"";"ausente";"preço de venda | GTIN: confirmar no rótulo ou justificar inexistência";"Peso e dimensões da embalagem não informados individualmente";"Não controlado; confirmar se deseja controlar";"https://www.vonixx.com.br/produto/moto-v/";"https://brilhax.lojas.avilaops.com/produtos/moto-v-500ml"
"cmtv7cdio007spd01vxtylwc3";"MOTO-V LAVA MOTOS 500ML";"Vonixx";"7898511031964";"sim";"1";"7898511031964";"formato/dígito válidos";"";"Peso e dimensões da embalagem não informados individualmente";"Não controlado; confirmar se deseja controlar";"https://www.vonixx.com.br/produto/moto-v/";"https://brilhax.lojas.avilaops.com/produtos/moto-v-lava-motos-500ml"
"cmtv7cdle008apd012ujakao6";"PINCEL DET EXTERNO 14 ZACS";"Zacs";"17898511034382";"sim";"1";"17898511034382";"formato/dígito válidos";"";"Peso e dimensões da embalagem não informados individualmente";"Não controlado; confirmar se deseja controlar";"https://zacs.com.br/produtos/pinceis-de-detalhamento-externo-n-14/";"https://brilhax.lojas.avilaops.com/produtos/pincel-det-externo-14-zacs"
"cmtv7cch80016pd01gieh2wwu";"AROMINHA DIVERSOS GEL WURTH 60 G";"Würth";"00079";"não";"0";"";"ausente";"foto confirmada | descrição | descrição curta | preço de venda | GTIN: confirmar no rótulo ou justificar inexistência";"Peso e dimensões da embalagem não informados individualmente";"Não controlado; confirmar se deseja controlar";"";"https://brilhax.lojas.avilaops.com/produtos/arominha-diversos-gel-wurth-60-g"
"cmtv7cchv0018pd015ektly6o";"AROMINHA DIVERSOS VINTEX SPRAY 60 ML";"Vintex";"00078";"não";"0";"";"ausente";"foto confirmada | descrição | descrição curta | preço de venda | GTIN: confirmar no rótulo ou justificar inexistência";"Peso e dimensões da embalagem não informados individualmente";"Não controlado; confirmar se deseja controlar";"";"https://brilhax.lojas.avilaops.com/produtos/arominha-diversos-vintex-spray-60-ml"
"cmtv7cci5001apd01387m3m00";"AROMINHA EM GEL 60G";"Vintex";"00061";"não";"0";"";"ausente";"foto confirmada | descrição | descrição curta | preço de venda | GTIN: confirmar no rótulo ou justificar inexistência";"Peso e dimensões da embalagem não informados individualmente";"Não controlado; confirmar se deseja controlar";"";"https://brilhax.lojas.avilaops.com/produtos/arominha-em-gel-60g"
"cmtv7ccif001cpd01oq47lsgn";"AROMINHA SPRAY 200 ML";"Nitro";"00131";"não";"0";"";"ausente";"foto confirmada | descrição | descrição curta | preço de venda | GTIN: confirmar no rótulo ou justificar inexistência";"Peso e dimensões da embalagem não informados individualmente";"Não controlado; confirmar se deseja controlar";"";"https://brilhax.lojas.avilaops.com/produtos/arominha-spray-200-ml"
"cmtv7ccir001epd011q3e67z0";"Aroma carro novo";"Vonixx";"7898511020364";"sim";"1";"7898511020364";"formato/dígito válidos";"descrição | descrição curta";"Peso e dimensões da embalagem não informados individualmente";"Não controlado; confirmar se deseja controlar";"";"https://brilhax.lojas.avilaops.com/produtos/aroma-carro-novo"
"cmtv7ccj4001gpd0134cqvgy1";"BLEND SPRAY 500ML";"Vonixx";"7898511027578";"sim";"1";"7898511027578";"formato/dígito válidos";"";"Peso e dimensões da embalagem não informados individualmente";"Não controlado; confirmar se deseja controlar";"https://www.vonixx.com.br/produto/blend-spray-wax/";"https://brilhax.lojas.avilaops.com/produtos/blend-spray-500ml"
"cmtv7ccji001ipd01f3y3zfzb";"Blende  Blck 500ml";"Vonixx";"7898511030837";"sim";"3";"7898511030837";"formato/dígito válidos";"";"Peso e dimensões da embalagem não informados individualmente";"Não controlado; confirmar se deseja controlar";"https://www.vonixx.com.br/produto/blend-spray-wax-black-edition/";"https://brilhax.lojas.avilaops.com/produtos/blende-blck-500ml"
"cmtv7ccjx001mpd01vznnvmq5";"Boina Arctic Wool 133mm Ventilado";"Wolf Pads";"WP-501";"sim";"1";"";"ausente";"GTIN: confirmar no rótulo ou justificar inexistência";"Peso e dimensões da embalagem não informados individualmente";"Não controlado; confirmar se deseja controlar";"https://www.wolfpads.com.br/boinas-para-polimento/arctic-wool/arctic-wool-133mm-525pol/";"https://brilhax.lojas.avilaops.com/produtos/boina-arctic-wool-133mm-ventilado"
"cmtv7cckc001opd019f4uey9n";"Boina Arctic Wool 152mm Ventilado";"Wolf Pads";"WP-601";"sim";"1";"";"ausente";"GTIN: confirmar no rótulo ou justificar inexistência";"Peso e dimensões da embalagem não informados individualmente";"Não controlado; confirmar se deseja controlar";"https://www.wolfpads.com.br/boinas-para-polimento/arctic-wool/arctic-wool-152mm-6pol/";"https://brilhax.lojas.avilaops.com/produtos/boina-arctic-wool-152mm-ventilado"
"cmtv7cckn001qpd0183aov748";"Boina Arctic Wool C/ Interface De Espuma 133mm / 5,25pol Ventilado";"Wolf Pads";"WP-503";"sim";"1";"";"ausente";"GTIN: confirmar no rótulo ou justificar inexistência";"Peso e dimensões da embalagem não informados individualmente";"Não controlado; confirmar se deseja controlar";"https://www.wolfpads.com.br/boinas-para-polimento/arctic-wool/arctic-wool-133mm-525pol-c-interface/";"https://brilhax.lojas.avilaops.com/produtos/boina-arctic-wool-c-interface-de-espuma-133mm-5-25pol-ventilado"
"cmtv7cckw001spd019vsk8jhk";"Boina Arctic Wool C/ Interface De Espuma 152mm / 6pol Ventilado";"Wolf Pads";"WP-603";"sim";"1";"";"ausente";"GTIN: confirmar no rótulo ou justificar inexistência";"Peso e dimensões da embalagem não informados individualmente";"Não controlado; confirmar se deseja controlar";"https://www.wolfpads.com.br/boinas-para-polimento/arctic-wool/arctic-wool-152mm-6pol-c-interface-copia/";"https://brilhax.lojas.avilaops.com/produtos/boina-arctic-wool-c-interface-de-espuma-152mm-6pol-ventilado"
"cmtv7ccl7001upd01dqnqz20s";"Boina Golden Wool 133mm Ventilado";"Wolf Pads";"WP-502";"sim";"1";"";"ausente";"GTIN: confirmar no rótulo ou justificar inexistência";"Peso e dimensões da embalagem não informados individualmente";"Não controlado; confirmar se deseja controlar";"https://www.wolfpads.com.br/boinas-para-polimento/golden-wool/golden-wool-133mm-525pol/";"https://brilhax.lojas.avilaops.com/produtos/boina-golden-wool-133mm-ventilado"
"cmtv7cclh001wpd01s9t0w5rh";"Boina Golden Wool 152mm Ventilado";"Wolf Pads";"WP-602";"sim";"1";"";"ausente";"GTIN: confirmar no rótulo ou justificar inexistência";"Peso e dimensões da embalagem não informados individualmente";"Não controlado; confirmar se deseja controlar";"https://www.wolfpads.com.br/boinas-para-polimento/golden-wool/golden-wool-152mm-6pol/";"https://brilhax.lojas.avilaops.com/produtos/boina-golden-wool-152mm-ventilado"
"cmtv7cclp001ypd01g451koqu";"Boina Golden Wool C/ Interface De Espuma 133mm / 5,25pol Ventilado";"Wolf Pads";"WP-504";"sim";"1";"";"ausente";"GTIN: confirmar no rótulo ou justificar inexistência";"Peso e dimensões da embalagem não informados individualmente";"Não controlado; confirmar se deseja controlar";"https://www.wolfpads.com.br/boinas-para-polimento/golden-wool/golden-wool-133mm-525pol-c-interface/";"https://brilhax.lojas.avilaops.com/produtos/boina-golden-wool-c-interface-de-espuma-133mm-5-25pol-ventilado"
"cmtv7ccly0020pd01oxjc6zvk";"Boina Golden Wool C/ Interface De Espuma 152mm / 6pol Ventilado";"Wolf Pads";"WP-604";"sim";"1";"";"ausente";"GTIN: confirmar no rótulo ou justificar inexistência";"Peso e dimensões da embalagem não informados individualmente";"Não controlado; confirmar se deseja controlar";"https://www.wolfpads.com.br/boinas-para-polimento/golden-wool/golden-wool-152mm-6pol-c-interface/";"https://brilhax.lojas.avilaops.com/produtos/boina-golden-wool-c-interface-de-espuma-152mm-6pol-ventilado"
"cmtv7ccm90022pd01zn4tudtp";"Boina Micro Wolf 133mm / 5,25pol Ventilado";"Wolf Pads";"WP-505";"sim";"1";"";"ausente";"GTIN: confirmar no rótulo ou justificar inexistência";"Peso e dimensões da embalagem não informados individualmente";"Não controlado; confirmar se deseja controlar";"https://www.wolfpads.com.br/boinas-para-polimento/micro-wolf/micro-wolf-133mm-525pol/";"https://brilhax.lojas.avilaops.com/produtos/boina-micro-wolf-133mm-5-25pol-ventilado"
"cmtv7ccmv0026pd01cb3byuro";"CARNAUBA HYBRID WAX 240ML";"Vonixx";"7898511027851";"sim";"2";"7898511027851";"formato/dígito válidos";"";"Peso e dimensões da embalagem não informados individualmente";"Não controlado; confirmar se deseja controlar";"https://www.vonixx.com.br/produto/carnauba-hybrid-wax/";"https://brilhax.lojas.avilaops.com/produtos/carnauba-hybrid-wax-240ml"
"cmtv7ccn40028pd01qgud5lnm";"CARNAUBA TOK FINAL 500ML";"Vonixx";"7898511020166";"sim";"1";"7898511020166";"formato/dígito válidos";"";"Peso e dimensões da embalagem não informados individualmente";"Não controlado; confirmar se deseja controlar";"https://www.vonixx.com.br/produto/carnauba-tok-final/";"https://brilhax.lojas.avilaops.com/produtos/carnauba-tok-final-500ml"
"cmtv7ccne002apd01agnanr2g";"CARPET";"Nitro";"00147";"não";"0";"";"ausente";"foto confirmada | descrição | descrição curta | preço de venda | GTIN: confirmar no rótulo ou justificar inexistência";"Peso e dimensões da embalagem não informados individualmente";"Não controlado; confirmar se deseja controlar";"";"https://brilhax.lojas.avilaops.com/produtos/carpet"
"cmtv7ccnn002cpd016ksu1hp1";"CERA BLEND CERAMIC E CARNAUBA SPRAY WAX 500ML";"Vonixx";"00028";"não";"1";"7898511027578";"formato/dígito válidos";"preço de venda";"Peso e dimensões da embalagem não informados individualmente";"Não controlado; confirmar se deseja controlar";"https://www.vonixx.com.br/produto/blend-spray-wax/";"https://brilhax.lojas.avilaops.com/produtos/cera-blend-ceramic-e-carnauba-spray-wax-500ml"
"cmtv7ccnv002epd01bihirorf";"CERA BLEND CLEANER CARNAÚBA";"Vonixx";"JARBAS-4acb459c";"sim";"1";"";"ausente";"GTIN: confirmar no rótulo ou justificar inexistência";"Peso e dimensões da embalagem não informados individualmente";"Não controlado; confirmar se deseja controlar";"https://www.vonixx.com.br/produto/blend-cleaner-wax/";"https://brilhax.lojas.avilaops.com/produtos/cera-blend-cleaner-carnauba"
"cmtv7ccog002ipd0123mnmdo6";"CERA CARNAUBA PLUS 500ML";"Vonixx";"00014";"não";"1";"7898511020630";"formato/dígito válidos";"";"Peso e dimensões da embalagem não informados individualmente";"Não controlado; confirmar se deseja controlar";"https://www.vonixx.com.br/produto/carnauba-plus/";"https://brilhax.lojas.avilaops.com/produtos/cera-carnauba-plus-500ml"
"cmtv7ccot002kpd0152dburc7";"CERA DE CARNAUBA BLEND BLACK";"Vonixx";"00027";"não";"0";"";"ausente";"foto confirmada | descrição | descrição curta | preço de venda | GTIN: confirmar no rótulo ou justificar inexistência";"Peso e dimensões da embalagem não informados individualmente";"Não controlado; confirmar se deseja controlar";"";"https://brilhax.lojas.avilaops.com/produtos/cera-de-carnauba-blend-black"
"cmtv7ccp4002mpd01oy09deib";"CERA DE CARNAUBA BLEND BLACK SPRAY 500 ML";"Vonixx";"00084";"não";"1";"7898511030837";"formato/dígito válidos";"preço de venda";"Peso e dimensões da embalagem não informados individualmente";"Não controlado; confirmar se deseja controlar";"https://www.vonixx.com.br/produto/blend-spray-wax-black-edition/";"https://brilhax.lojas.avilaops.com/produtos/cera-de-carnauba-blend-black-spray-500-ml"
"cmtv7ccpd002opd01od2g7m9z";"CERA LUSTER 500ML VONIXX";"Vonixx";"JARBAS-637cd4b5";"não";"1";"";"ausente";"descrição | descrição curta | preço de venda | GTIN: confirmar no rótulo ou justificar inexistência";"Peso e dimensões da embalagem não informados individualmente";"Não controlado; confirmar se deseja controlar";"";"https://brilhax.lojas.avilaops.com/produtos/cera-luster-500ml-vonixx"
"cmtv7ccpm002qpd01al3eonbi";"CIMENT CLEAN";"Nitro";"00149";"não";"0";"";"ausente";"foto confirmada | descrição | descrição curta | preço de venda | GTIN: confirmar no rótulo ou justificar inexistência";"Peso e dimensões da embalagem não informados individualmente";"Não controlado; confirmar se deseja controlar";"";"https://brilhax.lojas.avilaops.com/produtos/ciment-clean"
"cmtv7ccq1002spd01pklwxew4";"Canhão De Espuma (Bico Vermelho)";"Vonixx";"7898671780030";"sim";"3";"7898671780030";"formato/dígito válidos";"descrição | descrição curta";"Peso e dimensões da embalagem não informados individualmente";"Não controlado; confirmar se deseja controlar";"";"https://brilhax.lojas.avilaops.com/produtos/canhao-de-espuma-bico-vermelho"
"cmtv7ccqe002upd017yano450";"DARKER 500ML";"Vonixx";"7898511039847";"sim";"1";"7898511039847";"formato/dígito válidos";"descrição curta";"Peso e dimensões da embalagem não informados individualmente";"Não controlado; confirmar se deseja controlar";"";"https://brilhax.lojas.avilaops.com/produtos/darker-500ml"
"cmtv7ccqq002wpd01na9pn36i";"DELET 500ML";"Vonixx";"7898511034101";"sim";"1";"7898511034101";"formato/dígito válidos";"";"Peso e dimensões da embalagem não informados individualmente";"Não controlado; confirmar se deseja controlar";"https://www.vonixx.com.br/produto/delet/";"https://brilhax.lojas.avilaops.com/produtos/delet-500ml"
"cmtv7ccr0002ypd01xgmdqq88";"DELET 5L";"Vonixx";"00060";"não";"1";"";"ausente";"preço de venda | GTIN: confirmar no rótulo ou justificar inexistência";"Peso e dimensões da embalagem não informados individualmente";"Não controlado; confirmar se deseja controlar";"https://www.vonixx.com.br/produto/delet/";"https://brilhax.lojas.avilaops.com/produtos/delet-5l"
"cmtv7ccra0030pd01yelz0uz6";"DELET VONIXX 5L";"Vonixx";"7898511034286";"sim";"1";"7898511034286";"formato/dígito válidos";"";"Peso e dimensões da embalagem não informados individualmente";"Não controlado; confirmar se deseja controlar";"https://www.vonixx.com.br/produto/delet/";"https://brilhax.lojas.avilaops.com/produtos/delet-vonixx-5l"
"cmtv7ccrk0032pd01q2i8mje2";"DESENGRAXANTE 1/40 SOLUPAN";"Bugatti";"00094";"não";"0";"";"ausente";"foto confirmada | descrição | descrição curta | preço de venda | GTIN: confirmar no rótulo ou justificar inexistência";"Peso e dimensões da embalagem não informados individualmente";"Não controlado; confirmar se deseja controlar";"";"https://brilhax.lojas.avilaops.com/produtos/desengraxante-1-40-solupan"
"cmtv7ccru0034pd013x2vd6yd";"DESENGRAXANTE 1/40 SOLUPAN 20 L";"Bugatti";"00150";"não";"0";"";"ausente";"foto confirmada | descrição | descrição curta | preço de venda | GTIN: confirmar no rótulo ou justificar inexistência";"Peso e dimensões da embalagem não informados individualmente";"Não controlado; confirmar se deseja controlar";"";"https://brilhax.lojas.avilaops.com/produtos/desengraxante-1-40-solupan-20-l"
"cmtv7ccs70036pd01chx89fkn";"DESENGRAXANTE 1/40 SOLUPAN 50 L";"Bugatti";"00151";"não";"0";"";"ausente";"foto confirmada | descrição | descrição curta | preço de venda | GTIN: confirmar no rótulo ou justificar inexistência";"Peso e dimensões da embalagem não informados individualmente";"Não controlado; confirmar se deseja controlar";"";"https://brilhax.lojas.avilaops.com/produtos/desengraxante-1-40-solupan-50-l"
"cmtv7ccsj0038pd014739o30t";"DESINCRUSTANTE ACIDO ATIVADO";"Bugatti";"00092";"não";"0";"";"ausente";"foto confirmada | descrição | descrição curta | preço de venda | GTIN: confirmar no rótulo ou justificar inexistência";"Peso e dimensões da embalagem não informados individualmente";"Não controlado; confirmar se deseja controlar";"";"https://brilhax.lojas.avilaops.com/produtos/desincrustante-acido-ativado"
"cmtv7ccst003apd01pjz8zone";"DESINCRUSTANTE ACIDO ATIVADO 20 L";"Bugatti";"00152";"não";"0";"";"ausente";"foto confirmada | descrição | descrição curta | preço de venda | GTIN: confirmar no rótulo ou justificar inexistência";"Peso e dimensões da embalagem não informados individualmente";"Não controlado; confirmar se deseja controlar";"";"https://brilhax.lojas.avilaops.com/produtos/desincrustante-acido-ativado-20-l"
"cmtv7cct3003cpd01x497bl5q";"DESINCRUSTANTE ACIDO ATIVADO 50L";"Bugatti";"00153";"não";"0";"";"ausente";"foto confirmada | descrição | descrição curta | preço de venda | GTIN: confirmar no rótulo ou justificar inexistência";"Peso e dimensões da embalagem não informados individualmente";"Não controlado; confirmar se deseja controlar";"";"https://brilhax.lojas.avilaops.com/produtos/desincrustante-acido-ativado-50l"
"cmtv7ccti003epd01cu5tmduw";"DETERGENTE COM CERA";"Bugatti";"00093";"não";"0";"";"ausente";"foto confirmada | descrição | descrição curta | preço de venda | GTIN: confirmar no rótulo ou justificar inexistência";"Peso e dimensões da embalagem não informados individualmente";"Não controlado; confirmar se deseja controlar";"";"https://brilhax.lojas.avilaops.com/produtos/detergente-com-cera"
"cmtv7cctv003gpd01uy2se00c";"DETERGENTE DE CERA 1L";"Würth";"00109";"não";"0";"";"ausente";"foto confirmada | descrição | descrição curta | preço de venda | GTIN: confirmar no rótulo ou justificar inexistência";"Peso e dimensões da embalagem não informados individualmente";"Não controlado; confirmar se deseja controlar";"";"https://brilhax.lojas.avilaops.com/produtos/detergente-de-cera-1l"
"cmtv7ccu6003ipd01541o6a84";"EPOXI TITANIO";"Würth";"00116";"não";"0";"";"ausente";"foto confirmada | descrição | descrição curta | preço de venda | GTIN: confirmar no rótulo ou justificar inexistência";"Peso e dimensões da embalagem não informados individualmente";"Não controlado; confirmar se deseja controlar";"";"https://brilhax.lojas.avilaops.com/produtos/epoxi-titanio"
"cmtv7ccui003kpd01yful05kk";"ESCOVA CAIXA DE RODA CABO CURTO DETAILER";"Detailer";"7898671780085";"sim";"7";"7898671780085";"formato/dígito válidos";"descrição curta";"Peso e dimensões da embalagem não informados individualmente";"Não controlado; confirmar se deseja controlar";"";"https://brilhax.lojas.avilaops.com/produtos/escova-caixa-de-roda-cabo-curto-detailer"
"cmtv7ccuz003mpd01zq80kv1w";"ESCOVA GRANDE LIMPEZA DE RODA";"Vonixx";"00074";"não";"0";"";"ausente";"foto confirmada | descrição | descrição curta | preço de venda | GTIN: confirmar no rótulo ou justificar inexistência";"Peso e dimensões da embalagem não informados individualmente";"Não controlado; confirmar se deseja controlar";"";"https://brilhax.lojas.avilaops.com/produtos/escova-grande-limpeza-de-roda"
"cmtv7ccve003opd01olmj5q5v";"ESCOVA GRANDE MICROFIBRA ANGULAR PARA LIMPEZA DE RODA VONIXX";"Vonixx";"7898511029282";"sim";"3";"7898511029282";"formato/dígito válidos";"descrição curta";"Peso e dimensões da embalagem não informados individualmente";"Não controlado; confirmar se deseja controlar";"";"https://brilhax.lojas.avilaops.com/produtos/escova-grande-microfibra-angular-para-limpeza-de-roda-vonixx"
"cmtv7ccw7003spd011rzsq54u";"ESCOVA PARA LIMPEZA DE PNEUS DETAILER";"Detailer";"00072";"não";"0";"";"ausente";"foto confirmada | descrição | descrição curta | preço de venda | GTIN: confirmar no rótulo ou justificar inexistência";"Peso e dimensões da embalagem não informados individualmente";"Não controlado; confirmar se deseja controlar";"";"https://brilhax.lojas.avilaops.com/produtos/escova-para-limpeza-de-pneus-detailer"
"cmtv7ccwi003upd01v5r9vsiu";"ESCOVA PARA LIMPEZA DE PNEUS VONIXX";"Vonixx";"00071";"não";"1";"";"ausente";"preço de venda | GTIN: confirmar no rótulo ou justificar inexistência";"Peso e dimensões da embalagem não informados individualmente";"Não controlado; confirmar se deseja controlar";"https://www.vonixx.com.br/produto/escova-para-limpeza-de-pneus/";"https://brilhax.lojas.avilaops.com/produtos/escova-para-limpeza-de-pneus-vonixx"
"cmtv7ccwt003wpd01my4v8jvz";"ESPATULAS PLASTICA POLIPROPILENO 4";"Würth";"00164";"não";"0";"";"ausente";"foto confirmada | descrição | descrição curta | preço de venda | GTIN: confirmar no rótulo ou justificar inexistência";"Peso e dimensões da embalagem não informados individualmente";"Não controlado; confirmar se deseja controlar";"";"https://brilhax.lojas.avilaops.com/produtos/espatulas-plastica-polipropileno-4"
"cmtv7ccx5003ypd01kqmny7mt";"ESPATULAS PLASTICA POLIPROPILENO 5";"Würth";"00165";"não";"0";"";"ausente";"foto confirmada | descrição | descrição curta | preço de venda | GTIN: confirmar no rótulo ou justificar inexistência";"Peso e dimensões da embalagem não informados individualmente";"Não controlado; confirmar se deseja controlar";"";"https://brilhax.lojas.avilaops.com/produtos/espatulas-plastica-polipropileno-5"
"cmtv7ccxf0040pd01zv9prwun";"ESPATULAS SACA GRAMPOS UNIDADE";"Würth";"00157";"não";"0";"";"ausente";"foto confirmada | descrição | descrição curta | preço de venda | GTIN: confirmar no rótulo ou justificar inexistência";"Peso e dimensões da embalagem não informados individualmente";"Não controlado; confirmar se deseja controlar";"";"https://brilhax.lojas.avilaops.com/produtos/espatulas-saca-grampos-unidade"
"cmtv7ccxr0042pd01v8u0s07s";"EXTRACTUS DESENGRAXANTE";"Vonixx";"JARBAS-be8a1fcb";"sim";"1";"";"ausente";"GTIN: confirmar no rótulo ou justificar inexistência";"Peso e dimensões da embalagem não informados individualmente";"Não controlado; confirmar se deseja controlar";"https://www.vonixx.com.br/produto/extractus/";"https://brilhax.lojas.avilaops.com/produtos/extractus-desengraxante"
"cmtv7ccy30044pd01o88hizo9";"Escova Para Lavagem De Pneus";"Vonixx";"7898671780016";"sim";"2";"7898671780016";"formato/dígito válidos";"descrição | descrição curta";"Peso e dimensões da embalagem não informados individualmente";"Não controlado; confirmar se deseja controlar";"";"https://brilhax.lojas.avilaops.com/produtos/escova-para-lavagem-de-pneus"
"cmtv7ccye0046pd01aiikzfu3";"Espuma Celeste Medium Azul Foam Pads 133mm / 5,25pol Ventilado";"Wolf Pads";"WP-507";"sim";"1";"";"ausente";"GTIN: confirmar no rótulo ou justificar inexistência";"Peso e dimensões da embalagem não informados individualmente";"Não controlado; confirmar se deseja controlar";"https://www.wolfpads.com.br/boinas-para-polimento/boina-de-espuma/boina-de-espuma-medium-pad-133mm-525pol/";"https://brilhax.lojas.avilaops.com/produtos/espuma-celeste-medium-azul-foam-pads-133mm-5-25pol-ventilado"
"cmtv7ccyo0048pd01jcxogu4c";"Espuma Celeste Medium Azul Pads 152mm / 6pol Ventilado";"Wolf Pads";"WP-607";"sim";"1";"";"ausente";"GTIN: confirmar no rótulo ou justificar inexistência";"Peso e dimensões da embalagem não informados individualmente";"Não controlado; confirmar se deseja controlar";"https://www.wolfpads.com.br/boinas-para-polimento/boina-de-espuma/boina-de-espuma-medium-pad-152mm-6pol/";"https://brilhax.lojas.avilaops.com/produtos/espuma-celeste-medium-azul-pads-152mm-6pol-ventilado"
"cmtv7ccyy004apd01ygiyy912";"Espuma Laranja One Step Foan Pads 133mm / 5,25pol Ventilado";"Wolf Pads";"WP-506";"sim";"1";"";"ausente";"GTIN: confirmar no rótulo ou justificar inexistência";"Peso e dimensões da embalagem não informados individualmente";"Não controlado; confirmar se deseja controlar";"https://www.wolfpads.com.br/boinas-para-polimento/boina-de-espuma/boina-de-espuma-one-step-pad-133mm-525pol/";"https://brilhax.lojas.avilaops.com/produtos/espuma-laranja-one-step-foan-pads-133mm-5-25pol-ventilado"
"cmtv7ccz8004cpd01m856go4e";"Espuma Laranja One Step Pad 152mm / 6pol Ventilado";"Wolf Pads";"WP-606";"sim";"1";"";"ausente";"GTIN: confirmar no rótulo ou justificar inexistência";"Peso e dimensões da embalagem não informados individualmente";"Não controlado; confirmar se deseja controlar";"https://www.wolfpads.com.br/boinas-para-polimento/boina-de-espuma/boina-de-espuma-one-step-pad-152mm-6pol/";"https://brilhax.lojas.avilaops.com/produtos/espuma-laranja-one-step-pad-152mm-6pol-ventilado"
"cmtv7cczg004epd01ximd3yy7";"Espuma Preta Soft Foam Pads 133mm / 5,25pol Ventilado";"Wolf Pads";"WP-508";"sim";"1";"";"ausente";"GTIN: confirmar no rótulo ou justificar inexistência";"Peso e dimensões da embalagem não informados individualmente";"Não controlado; confirmar se deseja controlar";"https://www.wolfpads.com.br/boinas-para-polimento/boina-de-espuma/boina-de-espuma-soft-pad-133mm-525pol/";"https://brilhax.lojas.avilaops.com/produtos/espuma-preta-soft-foam-pads-133mm-5-25pol-ventilado"
"cmtv7cczr004gpd01a2k7o1f3";"Espuma Preta Soft Pad 152mm / 6pol Ventilado";"Wolf Pads";"WP-608";"sim";"1";"";"ausente";"GTIN: confirmar no rótulo ou justificar inexistência";"Peso e dimensões da embalagem não informados individualmente";"Não controlado; confirmar se deseja controlar";"https://www.wolfpads.com.br/boinas-para-polimento/boina-de-espuma/boina-de-espuma-soft-pad-152mm-6pol/";"https://brilhax.lojas.avilaops.com/produtos/espuma-preta-soft-pad-152mm-6pol-ventilado"
"cmtv7cd00004ipd01t2fklvfo";"FERRUX";"Nitro";"00135";"não";"0";"";"ausente";"foto confirmada | descrição | descrição curta | preço de venda | GTIN: confirmar no rótulo ou justificar inexistência";"Peso e dimensões da embalagem não informados individualmente";"Não controlado; confirmar se deseja controlar";"";"https://brilhax.lojas.avilaops.com/produtos/ferrux"
"cmtv7cd0b004kpd01dztjlt5w";"FLEXUS 500ML";"Vonixx";"7898511028674";"sim";"1";"7898511028674";"formato/dígito válidos";"";"Peso e dimensões da embalagem não informados individualmente";"Não controlado; confirmar se deseja controlar";"https://www.vonixx.com.br/produto/flexus/";"https://brilhax.lojas.avilaops.com/produtos/flexus-500ml"
"cmtv7cd0m004mpd01wi9psepk";"FOCUS 240ML";"Vonixx";"7898511028841";"sim";"1";"7898511028841";"formato/dígito válidos";"";"Peso e dimensões da embalagem não informados individualmente";"Não controlado; confirmar se deseja controlar";"https://www.vonixx.com.br/produto/focus/";"https://brilhax.lojas.avilaops.com/produtos/focus-240ml"
"cmtv7cd0z004opd01r31xxraj";"GLASS PRO";"Nitro";"00134";"não";"0";"";"ausente";"foto confirmada | descrição | descrição curta | preço de venda | GTIN: confirmar no rótulo ou justificar inexistência";"Peso e dimensões da embalagem não informados individualmente";"Não controlado; confirmar se deseja controlar";"";"https://brilhax.lojas.avilaops.com/produtos/glass-pro"
"cmtv7cd1b004qpd01cnqk289s";"GLAZY 500ML";"Vonixx";"7898511028650";"sim";"1";"7898511028650";"formato/dígito válidos";"";"Peso e dimensões da embalagem não informados individualmente";"Não controlado; confirmar se deseja controlar";"https://www.vonixx.com.br/produto/glazy/";"https://brilhax.lojas.avilaops.com/produtos/glazy-500ml"
"cmtv7cd1l004spd01w9ix7x00";"GLAZY ANTI-FOG 500Ml";"Vonixx";"JARBAS-bbb73911";"sim";"2";"";"ausente";"descrição | descrição curta | GTIN: confirmar no rótulo ou justificar inexistência";"Peso e dimensões da embalagem não informados individualmente";"Não controlado; confirmar se deseja controlar";"";"https://brilhax.lojas.avilaops.com/produtos/glazy-anti-fog-500ml"
"cmtv7cd1z004upd01ucgdyy7j";"HIDRACOURO 500ML";"Vonixx";"7898511020159";"sim";"2";"7898511020159";"formato/dígito válidos";"";"Peso e dimensões da embalagem não informados individualmente";"Não controlado; confirmar se deseja controlar";"https://www.vonixx.com.br/produto/hidracouro/";"https://brilhax.lojas.avilaops.com/produtos/hidracouro-500ml"
"cmtv7cd2b004wpd01md980g00";"HIDRALEX 500 ML";"Nitro";"00141";"não";"0";"";"ausente";"foto confirmada | descrição | descrição curta | preço de venda | GTIN: confirmar no rótulo ou justificar inexistência";"Peso e dimensões da embalagem não informados individualmente";"Não controlado; confirmar se deseja controlar";"";"https://brilhax.lojas.avilaops.com/produtos/hidralex-500-ml"
"cmtv7cd2o004ypd01cfvwf4lz";"HIGICOURO 500ML";"Vonixx";"7898511020890";"sim";"2";"7898511020890";"formato/dígito válidos";"";"Peso e dimensões da embalagem não informados individualmente";"Não controlado; confirmar se deseja controlar";"https://www.vonixx.com.br/produto/higicouro/";"https://brilhax.lojas.avilaops.com/produtos/higicouro-500ml"
"cmtv7cd310050pd015csv6oq3";"HT7 1,5 L";"Nitro";"00130";"não";"0";"";"ausente";"foto confirmada | descrição | descrição curta | preço de venda | GTIN: confirmar no rótulo ou justificar inexistência";"Peso e dimensões da embalagem não informados individualmente";"Não controlado; confirmar se deseja controlar";"";"https://brilhax.lojas.avilaops.com/produtos/ht7-1-5-l"
"cmtv7cd3d0052pd017lcjfg5u";"HT7 500 ML";"Nitro";"00129";"não";"0";"";"ausente";"foto confirmada | descrição | descrição curta | preço de venda | GTIN: confirmar no rótulo ou justificar inexistência";"Peso e dimensões da embalagem não informados individualmente";"Não controlado; confirmar se deseja controlar";"";"https://brilhax.lojas.avilaops.com/produtos/ht7-500-ml"
"cmtv7cd3r0054pd0198hvls83";"HYDRO BLEND";"Nitro";"00136";"não";"0";"";"ausente";"foto confirmada | descrição | descrição curta | preço de venda | GTIN: confirmar no rótulo ou justificar inexistência";"Peso e dimensões da embalagem não informados individualmente";"Não controlado; confirmar se deseja controlar";"";"https://brilhax.lojas.avilaops.com/produtos/hydro-blend"
"cmtv7cd3z0056pd01dr8p8jvr";"HYDROX FAST 500ML VONIX";"Vonixx";"JARBAS-90cb0c6e";"sim";"1";"7898511022856";"formato/dígito válidos";"";"Peso e dimensões da embalagem não informados individualmente";"Não controlado; confirmar se deseja controlar";"https://store.vonixx.com.br/ceramic-coating/pintura/hydrox-fast";"https://brilhax.lojas.avilaops.com/produtos/hydrox-fast-500ml-vonix"
"cmtv7cd490058pd013sxcgzfw";"IMPACT 1,5L";"Vonixx";"7898511030806";"sim";"2";"7898511030806";"formato/dígito válidos";"";"Peso e dimensões da embalagem não informados individualmente";"Não controlado; confirmar se deseja controlar";"https://www.vonixx.com.br/produto/impact/";"https://brilhax.lojas.avilaops.com/produtos/impact-1-5l"
"cmtv7cd4i005apd01zj8phmwj";"INTENSE 500ML";"Vonixx";"7898511030134";"sim";"2";"7898511030134";"formato/dígito válidos";"";"Peso e dimensões da embalagem não informados individualmente";"Não controlado; confirmar se deseja controlar";"https://www.vonixx.com.br/produto/intense/";"https://brilhax.lojas.avilaops.com/produtos/intense-500ml"
"cmtv7cd4q005cpd01lzv7ggje";"IZER 500ML";"Vonixx";"7898511028094";"sim";"1";"7898511028094";"formato/dígito válidos";"descrição curta";"Peso e dimensões da embalagem não informados individualmente";"Não controlado; confirmar se deseja controlar";"";"https://brilhax.lojas.avilaops.com/produtos/izer-500ml"
"cmtv7cd52005epd01kmfdc46a";"JOGO 4 ESPATULAS SACA GRAMPOS";"Würth";"00156";"não";"0";"";"ausente";"foto confirmada | descrição | descrição curta | preço de venda | GTIN: confirmar no rótulo ou justificar inexistência";"Peso e dimensões da embalagem não informados individualmente";"Não controlado; confirmar se deseja controlar";"";"https://brilhax.lojas.avilaops.com/produtos/jogo-4-espatulas-saca-grampos"
"cmtv7cd5h005ipd01c3l6ulve";"KIT ALICATE PARA INSTALAÇÃO DE GAXETAS HIDRAULICA";"Vonixx";"JARBAS-ad4f70f0";"não";"1";"";"ausente";"descrição | descrição curta | preço de venda | GTIN: confirmar no rótulo ou justificar inexistência";"Peso e dimensões da embalagem não informados individualmente";"Não controlado; confirmar se deseja controlar";"";"https://brilhax.lojas.avilaops.com/produtos/kit-alicate-para-instalacao-de-gaxetas-hidraulica"
"cmtv7cd5w005kpd01h0s1i9p8";"KIT ESCOVA DRILL DETAILER";"Detailer";"7898671782935";"sim";"1";"7898671782935";"formato/dígito válidos";"descrição | descrição curta";"Peso e dimensões da embalagem não informados individualmente";"Não controlado; confirmar se deseja controlar";"";"https://brilhax.lojas.avilaops.com/produtos/kit-escova-drill-detailer"
"cmtv7cd67005mpd01rvomyno2";"KIT LIMPAR HIDRATAR COURO VONIXX HIGICOURO + HIDRACOURO";"Vonixx";"00089";"não";"0";"";"ausente";"foto confirmada | descrição | descrição curta | preço de venda | GTIN: confirmar no rótulo ou justificar inexistência";"Peso e dimensões da embalagem não informados individualmente";"Não controlado; confirmar se deseja controlar";"";"https://brilhax.lojas.avilaops.com/produtos/kit-limpar-hidratar-couro-vonixx-higicouro-hidracouro"
"cmtv7cd6m005opd01cy24v16t";"KIT P/ LIMPEZA PARA BRISA E VIDROS";"Würth";"00111";"não";"0";"";"ausente";"foto confirmada | descrição | descrição curta | preço de venda | GTIN: confirmar no rótulo ou justificar inexistência";"Peso e dimensões da embalagem não informados individualmente";"Não controlado; confirmar se deseja controlar";"";"https://brilhax.lojas.avilaops.com/produtos/kit-p-limpeza-para-brisa-e-vidros"
"cmtv7cd76005qpd01ndjda369";"KIT SHAMPOO AUTOMOTIVO V-FLOC + V-MOL 1.5L";"Vonixx";"00090";"não";"0";"";"ausente";"foto confirmada | descrição | descrição curta | preço de venda | GTIN: confirmar no rótulo ou justificar inexistência";"Peso e dimensões da embalagem não informados individualmente";"Não controlado; confirmar se deseja controlar";"";"https://brilhax.lojas.avilaops.com/produtos/kit-shampoo-automotivo-v-floc-v-mol-1-5l"
"cmtv7cd7n005spd01rgg2lsez";"LAMAX";"Limpador Multiuso Concentrado";"";"não";"0";"";"ausente";"foto confirmada | descrição curta | confirmar marca | categoria | preço de venda | GTIN: confirmar no rótulo ou justificar inexistência";"Peso e dimensões da embalagem não informados individualmente";"Não controlado; confirmar se deseja controlar";"";"https://brilhax.lojas.avilaops.com/produtos/lamax-limpador-multiuso"
"cmtv7cd80005upd012qcu636z";"LAMAX 500ML";"Nitro";"00122";"não";"1";"";"ausente";"preço de venda | GTIN: confirmar no rótulo ou justificar inexistência";"Peso e dimensões da embalagem não informados individualmente";"Não controlado; confirmar se deseja controlar";"https://lojas.avilaops.com/uploads/brilhax/mtv7byad-a508bfdb.webp";"https://brilhax.lojas.avilaops.com/produtos/lamax-500ml"
"cmtv7cd8c005wpd010jqsswui";"LAMAX MOL 1,5 L";"Nitro";"00123";"não";"0";"";"ausente";"foto confirmada | descrição | descrição curta | preço de venda | GTIN: confirmar no rótulo ou justificar inexistência";"Peso e dimensões da embalagem não informados individualmente";"Não controlado; confirmar se deseja controlar";"";"https://brilhax.lojas.avilaops.com/produtos/lamax-mol-1-5-l"
"cmtv7cd8m005ypd01p3t59vdo";"LAMAX NITRO 500ML";"Nitro";"";"sim";"1";"";"ausente";"categoria | GTIN: confirmar no rótulo ou justificar inexistência";"Peso e dimensões da embalagem não informados individualmente";"Não controlado; confirmar se deseja controlar";"https://lojas.avilaops.com/uploads/brilhax/mtv7byad-a508bfdb.webp";"https://brilhax.lojas.avilaops.com/produtos/lamax"
"cmtv7cd8w0060pd0100odwjw7";"LANTERNA CANETA LED UV";"Würth";"00115";"não";"0";"";"ausente";"foto confirmada | descrição | descrição curta | preço de venda | GTIN: confirmar no rótulo ou justificar inexistência";"Peso e dimensões da embalagem não informados individualmente";"Não controlado; confirmar se deseja controlar";"";"https://brilhax.lojas.avilaops.com/produtos/lanterna-caneta-led-uv"
"cmtv7cd960062pd01svu5r8xf";"LAVA AUTOS 500ML";"Vonixx";"7898511020289";"não";"1";"7898511020289";"formato/dígito válidos";"descrição curta | preço de venda";"Peso e dimensões da embalagem não informados individualmente";"Não controlado; confirmar se deseja controlar";"";"https://brilhax.lojas.avilaops.com/produtos/lava-autos-500ml"
"cmtv7cd9e0064pd018rgwhcqr";"LAVA AUTOS NITRO";"Nitro";"00148";"não";"0";"";"ausente";"foto confirmada | descrição | descrição curta | preço de venda | GTIN: confirmar no rótulo ou justificar inexistência";"Peso e dimensões da embalagem não informados individualmente";"Não controlado; confirmar se deseja controlar";"";"https://brilhax.lojas.avilaops.com/produtos/lava-autos-nitro"
"cmtv7cd9p0066pd01l51gfgp4";"LAVA AUTOS VINTEX 1,5";"Vintex";"00012";"não";"0";"";"ausente";"foto confirmada | descrição | descrição curta | preço de venda | GTIN: confirmar no rótulo ou justificar inexistência";"Peso e dimensões da embalagem não informados individualmente";"Não controlado; confirmar se deseja controlar";"";"https://brilhax.lojas.avilaops.com/produtos/lava-autos-vintex-1-5"
"cmtv7cd9z0068pd01s0bs64zg";"LAVA AUTOS VINTEX 5 L";"Vintex";"00013";"não";"0";"";"ausente";"foto confirmada | descrição | descrição curta | preço de venda | GTIN: confirmar no rótulo ou justificar inexistência";"Peso e dimensões da embalagem não informados individualmente";"Não controlado; confirmar se deseja controlar";"";"https://brilhax.lojas.avilaops.com/produtos/lava-autos-vintex-5-l"
"cmtv7cdab006apd01avnkmcbo";"LAVA AUTOS VINTEX 500 ML";"Vintex";"00011";"não";"0";"";"ausente";"foto confirmada | descrição | descrição curta | preço de venda | GTIN: confirmar no rótulo ou justificar inexistência";"Peso e dimensões da embalagem não informados individualmente";"Não controlado; confirmar se deseja controlar";"";"https://brilhax.lojas.avilaops.com/produtos/lava-autos-vintex-500-ml"
"cmtv7cdan006cpd01ndy5mkcd";"LIMPA CONTATO";"Würth";"00114";"não";"0";"";"ausente";"foto confirmada | descrição | descrição curta | preço de venda | GTIN: confirmar no rótulo ou justificar inexistência";"Peso e dimensões da embalagem não informados individualmente";"Não controlado; confirmar se deseja controlar";"";"https://brilhax.lojas.avilaops.com/produtos/limpa-contato"
"cmtv7cdaw006epd01ce1kvkpa";"LIMPA ESTOFADOS 5 L";"Vintex";"00102";"não";"0";"";"ausente";"foto confirmada | descrição | descrição curta | preço de venda | GTIN: confirmar no rótulo ou justificar inexistência";"Peso e dimensões da embalagem não informados individualmente";"Não controlado; confirmar se deseja controlar";"";"https://brilhax.lojas.avilaops.com/produtos/limpa-estofados-5-l"
"cmtv7cdb3006gpd01egod06lm";"LIMPA PNEUS";"Bugatti";"00107";"não";"0";"";"ausente";"foto confirmada | descrição | descrição curta | GTIN: confirmar no rótulo ou justificar inexistência";"Peso e dimensões da embalagem não informados individualmente";"Não controlado; confirmar se deseja controlar";"";"https://brilhax.lojas.avilaops.com/produtos/limpa-pneus"
"cmtv7cdbb006ipd019zongce9";"LIMPA VIDROS EM GERAL 1,5 L";"Vintex";"00097";"não";"0";"";"ausente";"foto confirmada | descrição | descrição curta | preço de venda | GTIN: confirmar no rótulo ou justificar inexistência";"Peso e dimensões da embalagem não informados individualmente";"Não controlado; confirmar se deseja controlar";"";"https://brilhax.lojas.avilaops.com/produtos/limpa-vidros-em-geral-1-5-l"
"cmtv7cdbm006kpd01t98qhpul";"LIMPA VIDROS EM GERAL 5 L";"Vintex";"00101";"não";"0";"";"ausente";"foto confirmada | descrição | descrição curta | preço de venda | GTIN: confirmar no rótulo ou justificar inexistência";"Peso e dimensões da embalagem não informados individualmente";"Não controlado; confirmar se deseja controlar";"";"https://brilhax.lojas.avilaops.com/produtos/limpa-vidros-em-geral-5-l"
"cmtv7cdbz006mpd01m9jecj71";"LIMPA VIDROS PRO 1,5 L";"Vintex";"00098";"não";"0";"";"ausente";"foto confirmada | descrição | descrição curta | GTIN: confirmar no rótulo ou justificar inexistência";"Peso e dimensões da embalagem não informados individualmente";"Não controlado; confirmar se deseja controlar";"";"https://brilhax.lojas.avilaops.com/produtos/limpa-vidros-pro-1-5-l"
"cmtv7cdc9006opd014m575hoa";"LIMPADOR MULTIACAO 5 L";"Vintex";"00103";"não";"0";"";"ausente";"foto confirmada | descrição | descrição curta | preço de venda | GTIN: confirmar no rótulo ou justificar inexistência";"Peso e dimensões da embalagem não informados individualmente";"Não controlado; confirmar se deseja controlar";"";"https://brilhax.lojas.avilaops.com/produtos/limpador-multiacao-5-l"
"cmtv7cdci006qpd01q4ozevok";"LUVA DE MICROFIBRA 2 EM 1 25X16";"Vintex";"00065";"não";"0";"";"ausente";"foto confirmada | descrição | descrição curta | preço de venda | GTIN: confirmar no rótulo ou justificar inexistência";"Peso e dimensões da embalagem não informados individualmente";"Não controlado; confirmar se deseja controlar";"";"https://brilhax.lojas.avilaops.com/produtos/luva-de-microfibra-2-em-1-25x16"
"cmtv7cdcw006spd01g0k5gou9";"LUVA NITRILICA DESCARTAVEL CX 100 UNI";"Würth";"00155";"não";"0";"";"ausente";"foto confirmada | descrição | descrição curta | preço de venda | GTIN: confirmar no rótulo ou justificar inexistência";"Peso e dimensões da embalagem não informados individualmente";"Não controlado; confirmar se deseja controlar";"";"https://brilhax.lojas.avilaops.com/produtos/luva-nitrilica-descartavel-cx-100-uni"
"cmtv7cdd8006upd01czszqos8";"LUVA NITRILICA DESCARTAVEL PAR";"Würth";"00104";"não";"0";"";"ausente";"foto confirmada | descrição | descrição curta | preço de venda | GTIN: confirmar no rótulo ou justificar inexistência";"Peso e dimensões da embalagem não informados individualmente";"Não controlado; confirmar se deseja controlar";"";"https://brilhax.lojas.avilaops.com/produtos/luva-nitrilica-descartavel-par"
"cmtv7cddj006wpd01tygpnawe";"MAKKER 2.0 500 ML";"Vonixx";"00047";"não";"1";"7898511032909";"formato/dígito válidos";"preço de venda";"Peso e dimensões da embalagem não informados individualmente";"Não controlado; confirmar se deseja controlar";"https://www.vonixx.com.br/produto/makker-2-0/";"https://brilhax.lojas.avilaops.com/produtos/makker-2-0-500-ml"
"cmtv7cddw006ypd01y5mo0rsa";"MAKKER 500ML";"Vonixx";"7898511032909";"sim";"2";"7898511032909";"formato/dígito válidos";"";"Peso e dimensões da embalagem não informados individualmente";"Não controlado; confirmar se deseja controlar";"https://www.vonixx.com.br/produto/makker-2-0/";"https://brilhax.lojas.avilaops.com/produtos/makker-500ml"
"cmtv7cdec0070pd01dql181jw";"MARCADOR INDUSTRIAL AMARELO";"Würth";"00158";"não";"0";"";"ausente";"foto confirmada | descrição | descrição curta | preço de venda | GTIN: confirmar no rótulo ou justificar inexistência";"Peso e dimensões da embalagem não informados individualmente";"Não controlado; confirmar se deseja controlar";"";"https://brilhax.lojas.avilaops.com/produtos/marcador-industrial-amarelo"
"cmtv7cden0072pd01fb2x8rl6";"MARCADOR INDUSTRIAL AZUL";"Würth";"00110";"não";"0";"";"ausente";"foto confirmada | descrição | descrição curta | preço de venda | GTIN: confirmar no rótulo ou justificar inexistência";"Peso e dimensões da embalagem não informados individualmente";"Não controlado; confirmar se deseja controlar";"";"https://brilhax.lojas.avilaops.com/produtos/marcador-industrial-azul"
"cmtv7cdew0074pd01pbz17ki9";"MARCADOR INDUSTRIAL BRANCO";"Würth";"00159";"não";"0";"";"ausente";"foto confirmada | descrição | descrição curta | preço de venda | GTIN: confirmar no rótulo ou justificar inexistência";"Peso e dimensões da embalagem não informados individualmente";"Não controlado; confirmar se deseja controlar";"";"https://brilhax.lojas.avilaops.com/produtos/marcador-industrial-branco"
"cmtv7cdf90076pd011n6pxb0c";"MARCADOR INDUSTRIAL LARANJA";"Würth";"00160";"não";"0";"";"ausente";"foto confirmada | descrição | descrição curta | preço de venda | GTIN: confirmar no rótulo ou justificar inexistência";"Peso e dimensões da embalagem não informados individualmente";"Não controlado; confirmar se deseja controlar";"";"https://brilhax.lojas.avilaops.com/produtos/marcador-industrial-laranja"
"cmtv7cdfv0078pd0150gyx7jm";"MARCADOR INDUSTRIAL PRETO";"Würth";"00161";"não";"0";"";"ausente";"foto confirmada | descrição | descrição curta | preço de venda | GTIN: confirmar no rótulo ou justificar inexistência";"Peso e dimensões da embalagem não informados individualmente";"Não controlado; confirmar se deseja controlar";"";"https://brilhax.lojas.avilaops.com/produtos/marcador-industrial-preto"
"cmtv7cdg7007apd01vlsjumpc";"MARCADOR INDUSTRIAL VERDE";"Würth";"00162";"não";"0";"";"ausente";"foto confirmada | descrição | descrição curta | preço de venda | GTIN: confirmar no rótulo ou justificar inexistência";"Peso e dimensões da embalagem não informados individualmente";"Não controlado; confirmar se deseja controlar";"";"https://brilhax.lojas.avilaops.com/produtos/marcador-industrial-verde"
"cmtv7cdgj007cpd01k7b7bpfh";"MARCADOR INDUSTRIAL VERMELHO";"Würth";"00163";"não";"0";"";"ausente";"foto confirmada | descrição | descrição curta | preço de venda | GTIN: confirmar no rótulo ou justificar inexistência";"Peso e dimensões da embalagem não informados individualmente";"Não controlado; confirmar se deseja controlar";"";"https://brilhax.lojas.avilaops.com/produtos/marcador-industrial-vermelho"
"cmtv7cdgw007epd01zf6s73ll";"MASSA DE POLIR 1.8 KG";"Vintex";"00052";"não";"1";"";"ausente";"preço de venda | GTIN: confirmar no rótulo ou justificar inexistência";"Peso e dimensões da embalagem não informados individualmente";"Não controlado; confirmar se deseja controlar";"https://lojas.avilaops.com/uploads/brilhax/mtv7bz9c-45da9fe4.webp";"https://brilhax.lojas.avilaops.com/produtos/massa-de-polir-1-8-kg"
"cmtv7cdhi007ipd01rvuag04h";"MASSA DE POLIR VINTEX 1.8K";"Vintex";"7898511031988";"sim";"2";"7898511031988";"formato/dígito válidos";"descrição curta";"Peso e dimensões da embalagem não informados individualmente";"Não controlado; confirmar se deseja controlar";"";"https://brilhax.lojas.avilaops.com/produtos/massa-de-polir-vintex-1-8k"
"cmtv7cdhr007kpd01dbd8kbpy";"MASSA DE POLIR VINTEX 500Ml";"Vintex";"7898511030950";"sim";"1";"7898511030950";"formato/dígito válidos";"descrição curta";"Peso e dimensões da embalagem não informados individualmente";"Não controlado; confirmar se deseja controlar";"";"https://brilhax.lojas.avilaops.com/produtos/massa-de-polir-vintex-500ml"
"cmtv7cdhz007mpd01652eo55z";"MAX BLEND 500 ML";"Nitro";"00143";"não";"0";"";"ausente";"foto confirmada | descrição | descrição curta | preço de venda | GTIN: confirmar no rótulo ou justificar inexistência";"Peso e dimensões da embalagem não informados individualmente";"Não controlado; confirmar se deseja controlar";"";"https://brilhax.lojas.avilaops.com/produtos/max-blend-500-ml"
"cmtv7cdj5007upd01o57kitpb";"OX PRO 500ML";"Nitro";"";"não";"1";"";"ausente";"categoria | preço de venda | GTIN: confirmar no rótulo ou justificar inexistência";"Peso e dimensões da embalagem não informados individualmente";"Não controlado; confirmar se deseja controlar";"https://lojas.avilaops.com/uploads/brilhax/mtv7bzos-18585835.webp";"https://brilhax.lojas.avilaops.com/produtos/ox-pro-500ml"
"cmtv7cdjq007ypd01duqqhafw";"OX-PRO 5 L";"Nitro";"00126";"não";"0";"";"ausente";"foto confirmada | descrição | descrição curta | preço de venda | GTIN: confirmar no rótulo ou justificar inexistência";"Peso e dimensões da embalagem não informados individualmente";"Não controlado; confirmar se deseja controlar";"";"https://brilhax.lojas.avilaops.com/produtos/ox-pro-5-l"
"cmtv7cdjy0080pd01fx43ryda";"OX-PRO 500 ML";"Nitro";"00124";"não";"1";"";"ausente";"preço de venda | GTIN: confirmar no rótulo ou justificar inexistência";"Peso e dimensões da embalagem não informados individualmente";"Não controlado; confirmar se deseja controlar";"https://lojas.avilaops.com/uploads/brilhax/mtv7bzos-18585835.webp";"https://brilhax.lojas.avilaops.com/produtos/ox-pro-500-ml"
"cmtv7cdk60082pd019cuqdszc";"PANO DE MICRO FIBRA AZUL ESCURO  37X57";"Vonixx";"7898939820133";"não";"5";"7898939820133";"formato/dígito válidos";"descrição | descrição curta | preço de venda";"Peso e dimensões da embalagem não informados individualmente";"Não controlado; confirmar se deseja controlar";"";"https://brilhax.lojas.avilaops.com/produtos/pano-de-micro-fibra-azul-escuro-37x57"
"cmtv7cdkf0084pd01dq0nsqc3";"PANO DE MICROFIBRA SEM COSTURA 40X40 VINIXX";"Vonixx";"7898511027967";"não";"1";"7898511027967";"formato/dígito válidos";"preço de venda";"Peso e dimensões da embalagem não informados individualmente";"Não controlado; confirmar se deseja controlar";"https://www.vonixx.com.br/produto/toalha-de-microfibra-sem-costura/";"https://brilhax.lojas.avilaops.com/produtos/pano-de-microfibra-sem-costura-40x40-vinixx"
"cmtv7cdkq0086pd014n0imm5w";"PANO MICRO FIBRA AZUL ESCURO 47X77 - 230gsm";"Vonixx";"7898939820515";"não";"5";"7898939820515";"formato/dígito válidos";"descrição | descrição curta | preço de venda";"Peso e dimensões da embalagem não informados individualmente";"Não controlado; confirmar se deseja controlar";"";"https://brilhax.lojas.avilaops.com/produtos/pano-micro-fibra-azul-escuro-47x77-230gsm"
"cmtv7cdkx0088pd01nepl6vjo";"PINCEL  INTERNO  CERDAS  MÉDIAS  VONIXX DETALHAMENTO AUTOMOTIVO";"Vonixx";"41610829736410";"não";"3";"41610829736410";"inválido";"descrição curta | preço de venda | GTIN inválido: confirmar código de barras";"Peso e dimensões da embalagem não informados individualmente";"Não controlado; confirmar se deseja controlar";"";"https://brilhax.lojas.avilaops.com/produtos/pincel-interno-cerdas-medias-vonixx-detalhamento-automotivo"
"cmtv7ce1700aypd01k1yl6iaw";"SNOW FOAN Manual";"Vonixx";"7898671781846";"não";"2";"7898671781846";"formato/dígito válidos";"descrição | descrição curta | preço de venda";"Peso e dimensões da embalagem não informados individualmente";"Não controlado; confirmar se deseja controlar";"";"https://brilhax.lojas.avilaops.com/produtos/snow-foan-manual"
"cmtv7ce1i00b0pd01a4w2lk2v";"SPEEL CAR 1,5 L";"Nitro";"00117";"não";"0";"";"ausente";"foto confirmada | descrição | descrição curta | preço de venda | GTIN: confirmar no rótulo ou justificar inexistência";"Peso e dimensões da embalagem não informados individualmente";"Não controlado; confirmar se deseja controlar";"";"https://brilhax.lojas.avilaops.com/produtos/speel-car-1-5-l"
"cmtv7ce1r00b2pd010z3u8a78";"SPEEL CAR 500 ML";"Nitro";"00118";"não";"1";"";"ausente";"preço de venda | GTIN: confirmar no rótulo ou justificar inexistência";"Peso e dimensões da embalagem não informados individualmente";"Não controlado; confirmar se deseja controlar";"https://lojas.avilaops.com/uploads/brilhax/mtv7c8jh-654b6a24.png";"https://brilhax.lojas.avilaops.com/produtos/speel-car-500-ml"
"cmtv7ce2o00b4pd01bldd9dnp";"SPEEL CAR 500ML";"Nitro";"";"não";"1";"";"ausente";"preço de venda | GTIN: confirmar no rótulo ou justificar inexistência";"Peso e dimensões da embalagem não informados individualmente";"Não controlado; confirmar se deseja controlar";"https://lojas.avilaops.com/uploads/brilhax/mtv7c8jh-654b6a24.png";"https://brilhax.lojas.avilaops.com/produtos/speel-car-500ml"
"cmtv7ce3000b6pd01gpktu7c0";"SPEEL CAR 5L";"Nitro";"00119";"não";"0";"";"ausente";"foto confirmada | descrição | descrição curta | preço de venda | GTIN: confirmar no rótulo ou justificar inexistência";"Peso e dimensões da embalagem não informados individualmente";"Não controlado; confirmar se deseja controlar";"";"https://brilhax.lojas.avilaops.com/produtos/speel-car-5l"
"cmtv7ce3800b8pd013gilkene";"SPLIT";"Nitro";"00139";"não";"0";"";"ausente";"foto confirmada | descrição | descrição curta | preço de venda | GTIN: confirmar no rótulo ou justificar inexistência";"Peso e dimensões da embalagem não informados individualmente";"Não controlado; confirmar se deseja controlar";"";"https://brilhax.lojas.avilaops.com/produtos/split"
"cmtv7ce3j00bapd01eauzls6z";"STRIKE 1.5L";"Vonixx";"7898511031841";"sim";"1";"7898511031841";"formato/dígito válidos";"";"Peso e dimensões da embalagem não informados individualmente";"Não controlado; confirmar se deseja controlar";"https://www.vonixx.com.br/produto/strike/";"https://brilhax.lojas.avilaops.com/produtos/strike-1-5l"
"cmtv7ce3x00bcpd01gwsbed6b";"STRIKE 500ML";"Vonixx";"7898511030158";"sim";"1";"7898511030158";"formato/dígito válidos";"";"Peso e dimensões da embalagem não informados individualmente";"Não controlado; confirmar se deseja controlar";"https://www.vonixx.com.br/produto/strike/";"https://brilhax.lojas.avilaops.com/produtos/strike-500ml"
"cmtv7ce4800bepd01nfgy6pxq";"SUPER TOQUE";"Bugatti";"00108";"não";"0";"";"ausente";"foto confirmada | descrição | descrição curta | preço de venda | GTIN: confirmar no rótulo ou justificar inexistência";"Peso e dimensões da embalagem não informados individualmente";"Não controlado; confirmar se deseja controlar";"";"https://brilhax.lojas.avilaops.com/produtos/super-toque"
"cmtv7ce4j00bgpd0128gxxnsy";"Sintra 5 litros";"Vonixx";"7898511032015";"não";"1";"7898511032015";"formato/dígito válidos";"descrição | descrição curta | preço de venda";"Peso e dimensões da embalagem não informados individualmente";"Não controlado; confirmar se deseja controlar";"";"https://brilhax.lojas.avilaops.com/produtos/sintra-5-litros"
"cmtv7ce4v00bipd01ji2qo0ex";"TACO CLAY BAR ZACS";"Zacs";"00086";"não";"1";"";"ausente";"preço de venda | GTIN: confirmar no rótulo ou justificar inexistência";"Peso e dimensões da embalagem não informados individualmente";"Não controlado; confirmar se deseja controlar";"https://zacs.com.br/produtos/taco-clay-bar/";"https://brilhax.lojas.avilaops.com/produtos/taco-clay-bar-zacs"
"cmtv7ce5600bkpd015fsz0kom";"TOALHA DE MICROFIBRA FELPUDA 40X40";"Vonixx";"00067";"não";"1";"";"ausente";"preço de venda | GTIN: confirmar no rótulo ou justificar inexistência";"Peso e dimensões da embalagem não informados individualmente";"Não controlado; confirmar se deseja controlar";"https://www.vonixx.com.br/produto/toalha-de-microfibra-felpuda/";"https://brilhax.lojas.avilaops.com/produtos/toalha-de-microfibra-felpuda-40x40"
"cmtv7ce5f00bmpd01d2v4skfo";"TOALHA MICROFIBRA 40X80";"Detailer";"00063";"não";"0";"";"ausente";"foto confirmada | descrição | descrição curta | preço de venda | GTIN: confirmar no rótulo ou justificar inexistência";"Peso e dimensões da embalagem não informados individualmente";"Não controlado; confirmar se deseja controlar";"";"https://brilhax.lojas.avilaops.com/produtos/toalha-microfibra-40x80"
"cmtv7cdlr008cpd016lbv9vnh";"PINCEL DET MEDIO INTERNO 14 ZACS";"Zacs";"17898511034375";"sim";"1";"17898511034375";"formato/dígito válidos";"";"Peso e dimensões da embalagem não informados individualmente";"Não controlado; confirmar se deseja controlar";"https://zacs.com.br/produtos/pincel-de-detalhamento-interno-n-14/";"https://brilhax.lojas.avilaops.com/produtos/pincel-det-medio-interno-14-zacs"
"cmtv7cdm4008epd014fh35b6o";"PINCEL VONIXX EXTERNO";"Vonixx";"00042";"não";"0";"";"ausente";"foto confirmada | descrição | descrição curta | preço de venda | GTIN: confirmar no rótulo ou justificar inexistência";"Peso e dimensões da embalagem não informados individualmente";"Não controlado; confirmar se deseja controlar";"";"https://brilhax.lojas.avilaops.com/produtos/pincel-vonixx-externo"
"cmtv7cdmh008gpd01mm4zej60";"PINCEL VONIXX INTERNO";"Vonixx";"00041";"não";"0";"";"ausente";"foto confirmada | descrição | descrição curta | preço de venda | GTIN: confirmar no rótulo ou justificar inexistência";"Peso e dimensões da embalagem não informados individualmente";"Não controlado; confirmar se deseja controlar";"";"https://brilhax.lojas.avilaops.com/produtos/pincel-vonixx-interno"
"cmtv7cdms008ipd01nci4g1au";"PINCEL ZACS EXTERNO";"Zacs";"00076";"não";"1";"";"ausente";"preço de venda | GTIN: confirmar no rótulo ou justificar inexistência";"Peso e dimensões da embalagem não informados individualmente";"Não controlado; confirmar se deseja controlar";"https://zacs.com.br/produtos/pinceis-de-detalhamento-externo-n-14/";"https://brilhax.lojas.avilaops.com/produtos/pincel-zacs-externo"
"cmtv7cdn2008kpd01y39b4x9n";"PINCEL ZACS INTERNO";"Zacs";"00075";"não";"1";"";"ausente";"preço de venda | GTIN: confirmar no rótulo ou justificar inexistência";"Peso e dimensões da embalagem não informados individualmente";"Não controlado; confirmar se deseja controlar";"https://zacs.com.br/produtos/pincel-de-detalhamento-interno-n-14/";"https://brilhax.lojas.avilaops.com/produtos/pincel-zacs-interno"
"cmtv7cdnf008mpd01ii3oub02";"PLUS CERA CARNAÚBA DE LIMPEZA CLEANER WAZ 500Ml";"Vonixx";"7898511020630";"sim";"2";"7898511020630";"formato/dígito válidos";"";"Peso e dimensões da embalagem não informados individualmente";"Não controlado; confirmar se deseja controlar";"https://www.vonixx.com.br/produto/carnauba-plus/";"https://brilhax.lojas.avilaops.com/produtos/plus-cera-carnauba-de-limpeza-cleaner-waz-500ml"
"cmtv7cdnr008opd017009w1ux";"PRETINHO PNEU 1,5 L";"Vintex";"00154";"não";"0";"";"ausente";"foto confirmada | descrição | descrição curta | preço de venda | GTIN: confirmar no rótulo ou justificar inexistência";"Peso e dimensões da embalagem não informados individualmente";"Não controlado; confirmar se deseja controlar";"";"https://brilhax.lojas.avilaops.com/produtos/pretinho-pneu-1-5-l"
"cmtv7cdo3008qpd01twf3km4u";"PRETINHO PNEU NITRO";"Nitro";"00142";"não";"0";"";"ausente";"foto confirmada | descrição | descrição curta | preço de venda | GTIN: confirmar no rótulo ou justificar inexistência";"Peso e dimensões da embalagem não informados individualmente";"Não controlado; confirmar se deseja controlar";"";"https://brilhax.lojas.avilaops.com/produtos/pretinho-pneu-nitro"
"cmtv7cdod008spd017fc9ghls";"PRETINHO PNEU VINTEX 5 L";"Vintex";"00095";"não";"0";"";"ausente";"foto confirmada | descrição | descrição curta | preço de venda | GTIN: confirmar no rótulo ou justificar inexistência";"Peso e dimensões da embalagem não informados individualmente";"Não controlado; confirmar se deseja controlar";"";"https://brilhax.lojas.avilaops.com/produtos/pretinho-pneu-vintex-5-l"
"cmtv7cdor008upd012533thri";"PRIZM 1.5";"Vonixx";"7898511034514";"não";"1";"7898511034514";"formato/dígito válidos";"preço de venda";"Peso e dimensões da embalagem não informados individualmente";"Não controlado; confirmar se deseja controlar";"https://www.vonixx.com.br/produto/prizm/";"https://brilhax.lojas.avilaops.com/produtos/prizm-1-5"
"cmtv7cdp4008wpd018m0ei0oz";"PRIZM 500ML";"Vonixx";"7898511031179";"sim";"1";"7898511031179";"formato/dígito válidos";"";"Peso e dimensões da embalagem não informados individualmente";"Não controlado; confirmar se deseja controlar";"https://www.vonixx.com.br/produto/prizm/";"https://brilhax.lojas.avilaops.com/produtos/prizm-500ml"
"cmtv7cdpf008ypd01osjyd62d";"Pincel Externo N14 Cerdas Medias Vonixx";"Vonixx";"41610829736383";"não";"1";"41610829736383";"inválido";"descrição curta | preço de venda | GTIN inválido: confirmar código de barras";"Peso e dimensões da embalagem não informados individualmente";"Não controlado; confirmar se deseja controlar";"";"https://brilhax.lojas.avilaops.com/produtos/pincel-externo-n14-cerdas-medias-vonixx"
"cmtv7cdps0090pd01co0lwefs";"REJUVEX 400G";"Vonixx";"7898511020883";"sim";"1";"7898511020883";"formato/dígito válidos";"descrição curta";"Peso e dimensões da embalagem não informados individualmente";"Não controlado; confirmar se deseja controlar";"";"https://brilhax.lojas.avilaops.com/produtos/rejuvex-400g"
"cmtv7cdqa0094pd01lrdtk7zt";"REMOVEX VINTEX 1.5L";"Vintex";"7898511032893";"sim";"1";"7898511032893";"formato/dígito válidos";"descrição | descrição curta";"Peso e dimensões da embalagem não informados individualmente";"Não controlado; confirmar se deseja controlar";"";"https://brilhax.lojas.avilaops.com/produtos/removex-vintex-1-5l"
"cmtv7cdqm0096pd01n0dkzd45";"RENOVA PLASTICOS";"Nitro";"00137";"não";"0";"";"ausente";"foto confirmada | descrição | descrição curta | preço de venda | GTIN: confirmar no rótulo ou justificar inexistência";"Peso e dimensões da embalagem não informados individualmente";"Não controlado; confirmar se deseja controlar";"";"https://brilhax.lojas.avilaops.com/produtos/renova-plasticos"
"cmtv7cdqw0098pd01m3s3364j";"RENOVEX";"Nitro";"00138";"não";"0";"";"ausente";"foto confirmada | descrição | descrição curta | preço de venda | GTIN: confirmar no rótulo ou justificar inexistência";"Peso e dimensões da embalagem não informados individualmente";"Não controlado; confirmar se deseja controlar";"";"https://brilhax.lojas.avilaops.com/produtos/renovex"
"cmtv7cdr7009apd018vc5c3tt";"RESTAURAX 1.5L";"Vonixx";"7898511034484";"sim";"1";"7898511034484";"formato/dígito válidos";"";"Peso e dimensões da embalagem não informados individualmente";"Não controlado; confirmar se deseja controlar";"https://www.vonixx.com.br/produto/restaurax/";"https://brilhax.lojas.avilaops.com/produtos/restaurax-1-5l"
"cmtv7cdrj009cpd01phbndar6";"RESTAURAX 500ML";"Vonixx";"7898511020265";"sim";"1";"7898511020265";"formato/dígito válidos";"";"Peso e dimensões da embalagem não informados individualmente";"Não controlado; confirmar se deseja controlar";"https://www.vonixx.com.br/produto/restaurax/";"https://brilhax.lojas.avilaops.com/produtos/restaurax-500ml"
"cmtv7cdru009epd011ilve1r1";"REVELAX 500 ML";"Vonixx";"00022";"não";"1";"";"ausente";"preço de venda | GTIN: confirmar no rótulo ou justificar inexistência";"Peso e dimensões da embalagem não informados individualmente";"Não controlado; confirmar se deseja controlar";"https://www.vonixx.com.br/produto/revelax/";"https://brilhax.lojas.avilaops.com/produtos/revelax-500-ml"
"cmtv7cdsb009gpd01duepjroj";"REVELAX REVELADOR DE HOLOGRAMAS SURFACE VONIXX";"Vonixx";"7898511030028";"sim";"2";"7898511030028";"formato/dígito válidos";"";"Peso e dimensões da embalagem não informados individualmente";"Não controlado; confirmar se deseja controlar";"https://www.vonixx.com.br/produto/revelax/";"https://brilhax.lojas.avilaops.com/produtos/revelax-revelador-de-hologramas-surface-vonixx"
"cmtv7cdso009ipd01oqpikz2d";"REVOKE 500 ML";"Nitro";"00132";"não";"0";"";"ausente";"foto confirmada | descrição | descrição curta | preço de venda | GTIN: confirmar no rótulo ou justificar inexistência";"Peso e dimensões da embalagem não informados individualmente";"Não controlado; confirmar se deseja controlar";"";"https://brilhax.lojas.avilaops.com/produtos/revoke-500-ml"
"cmtv7cdtd009mpd01cxkela55";"REVOX 500 ML";"Vonixx";"00051";"não";"1";"7898511027981";"formato/dígito válidos";"preço de venda";"Peso e dimensões da embalagem não informados individualmente";"Não controlado; confirmar se deseja controlar";"https://www.vonixx.com.br/produto/revox/";"https://brilhax.lojas.avilaops.com/produtos/revox-500-ml"
"cmtv7cdtu009qpd01yylmkjyb";"REVOX SELANTE SINTETICO PARA PNEUS 500ML VONIXX";"Vonixx";"JARBAS-2498357b";"sim";"1";"7898511027981";"formato/dígito válidos";"";"Peso e dimensões da embalagem não informados individualmente";"Não controlado; confirmar se deseja controlar";"https://www.vonixx.com.br/produto/revox/";"https://brilhax.lojas.avilaops.com/produtos/revox-selante-sintetico-para-pneus-500ml-vonixx"
"cmtv7cdu5009spd01k8qqlu54";"RUBBER PRO";"Nitro";"00140";"não";"0";"";"ausente";"foto confirmada | descrição | descrição curta | preço de venda | GTIN: confirmar no rótulo ou justificar inexistência";"Peso e dimensões da embalagem não informados individualmente";"Não controlado; confirmar se deseja controlar";"";"https://brilhax.lojas.avilaops.com/produtos/rubber-pro"
"cmtv7cduj009upd01sj0c5er8";"SANITIZANTE BOM AR";"Nitro";"00145";"não";"0";"";"ausente";"foto confirmada | descrição | descrição curta | preço de venda | GTIN: confirmar no rótulo ou justificar inexistência";"Peso e dimensões da embalagem não informados individualmente";"Não controlado; confirmar se deseja controlar";"";"https://brilhax.lojas.avilaops.com/produtos/sanitizante-bom-ar"
"cmtv7cdus009wpd01wio2ggyk";"SANITIZANTE CARRO NOVO";"Nitro";"00146";"não";"0";"";"ausente";"foto confirmada | descrição | descrição curta | preço de venda | GTIN: confirmar no rótulo ou justificar inexistência";"Peso e dimensões da embalagem não informados individualmente";"Não controlado; confirmar se deseja controlar";"";"https://brilhax.lojas.avilaops.com/produtos/sanitizante-carro-novo"
"cmtv7cdv1009ypd01kjxz65z2";"SANITIZANTE CARRO NOVO 1.5L";"Vintex";"00057";"não";"0";"";"ausente";"foto confirmada | descrição | descrição curta | preço de venda | GTIN: confirmar no rótulo ou justificar inexistência";"Peso e dimensões da embalagem não informados individualmente";"Não controlado; confirmar se deseja controlar";"";"https://brilhax.lojas.avilaops.com/produtos/sanitizante-carro-novo-1-5l"
"cmtv7cdva00a0pd01fplr0dv6";"SANITIZANTE CARRO NOVO 5 L";"Vintex";"00100";"não";"0";"";"ausente";"foto confirmada | descrição | descrição curta | preço de venda | GTIN: confirmar no rótulo ou justificar inexistência";"Peso e dimensões da embalagem não informados individualmente";"Não controlado; confirmar se deseja controlar";"";"https://brilhax.lojas.avilaops.com/produtos/sanitizante-carro-novo-5-l"
"cmtv7cdvl00a2pd01xiryrid0";"SELANTE SINTÉTICO V-80 VONIXX 240Ml";"Vonixx";"7898511024331";"sim";"1";"7898511024331";"formato/dígito válidos";"";"Peso e dimensões da embalagem não informados individualmente";"Não controlado; confirmar se deseja controlar";"https://www.vonixx.com.br/produto/v80/";"https://brilhax.lojas.avilaops.com/produtos/selante-sintetico-v-80-vonixx-240ml"
"cmtv7cdvw00a4pd019epdqjbv";"SHAMPOO V-FLOC 1.5l VONIXX";"Vonixx";"https://uqr.to/jfmn";"sim";"1";"https://uqr.to/jfmn";"inválido";"GTIN inválido: confirmar código de barras";"Peso e dimensões da embalagem não informados individualmente";"Não controlado; confirmar se deseja controlar";"https://www.vonixx.com.br/produto/v-floc/";"https://brilhax.lojas.avilaops.com/produtos/shampoo-v-floc-1-5l-vonixx"
"cmtv7cdw600a6pd016ukbxrl6";"SHINY 500 ML";"Vonixx";"00050";"não";"1";"7898511030721";"formato/dígito válidos";"preço de venda";"Peso e dimensões da embalagem não informados individualmente";"Não controlado; confirmar se deseja controlar";"https://www.vonixx.com.br/produto/shiny/";"https://brilhax.lojas.avilaops.com/produtos/shiny-500-ml"
"cmtv7cdwj00a8pd01ys4pmvt9";"SILICONE GEL 1 L";"Bugatti";"00106";"não";"0";"";"ausente";"foto confirmada | descrição | descrição curta | preço de venda | GTIN: confirmar no rótulo ou justificar inexistência";"Peso e dimensões da embalagem não informados individualmente";"Não controlado; confirmar se deseja controlar";"";"https://brilhax.lojas.avilaops.com/produtos/silicone-gel-1-l"
"cmtv7cdx400aapd01m9l9vbzk";"SILICONE LIQUIDO 1 L";"Bugatti";"00105";"não";"0";"";"ausente";"foto confirmada | descrição | descrição curta | preço de venda | GTIN: confirmar no rótulo ou justificar inexistência";"Peso e dimensões da embalagem não informados individualmente";"Não controlado; confirmar se deseja controlar";"";"https://brilhax.lojas.avilaops.com/produtos/silicone-liquido-1-l"
"cmtv7cdxv00aepd01mp2svohc";"SINERGY PAINT 500 ML";"Vonixx";"00038";"não";"1";"7898511033234";"formato/dígito válidos";"preço de venda";"Peso e dimensões da embalagem não informados individualmente";"Não controlado; confirmar se deseja controlar";"https://www.vonixx.com.br/produto/sinergy-paint/";"https://brilhax.lojas.avilaops.com/produtos/sinergy-paint-500-ml"
"cmtv7cdy600agpd01mhy6bjhs";"SINERGY VONIXX 500Ml";"Vonixx";"7898511033234";"sim";"1";"7898511033234";"formato/dígito válidos";"";"Peso e dimensões da embalagem não informados individualmente";"Não controlado; confirmar se deseja controlar";"https://www.vonixx.com.br/produto/sinergy-paint/";"https://brilhax.lojas.avilaops.com/produtos/sinergy-vonixx-500ml"
"cmtv7cdyj00aipd01xqlrgb5f";"SINTRA 1.5L";"Vonixx";"7898511030592";"sim";"1";"7898511030592";"formato/dígito válidos";"descrição curta";"Peso e dimensões da embalagem não informados individualmente";"Não controlado; confirmar se deseja controlar";"";"https://brilhax.lojas.avilaops.com/produtos/sintra-1-5l"
"cmtv7cdyv00akpd01aw2qymzu";"SINTRA FAST 500ML";"Vonixx";"7898511030578";"sim";"1";"7898511030578";"formato/dígito válidos";"";"Peso e dimensões da embalagem não informados individualmente";"Não controlado; confirmar se deseja controlar";"https://www.vonixx.com.br/produto/sintra-fast/";"https://brilhax.lojas.avilaops.com/produtos/sintra-fast-500ml"
"cmtv7cdz800ampd01fb3rjm11";"SINTRA PRO 3 L";"Vonixx";"00096";"não";"1";"";"ausente";"preço de venda | GTIN: confirmar no rótulo ou justificar inexistência";"Peso e dimensões da embalagem não informados individualmente";"Não controlado; confirmar se deseja controlar";"https://www.vonixx.com.br/produto/sintra-pro/";"https://brilhax.lojas.avilaops.com/produtos/sintra-pro-3-l"
"cmtv7cdzs00aopd0147qcor9b";"SIO2 PRO 500 ML";"Vonixx";"00085";"não";"1";"7898511027110";"formato/dígito válidos";"preço de venda";"Peso e dimensões da embalagem não informados individualmente";"Não controlado; confirmar se deseja controlar";"https://www.vonixx.com.br/produto/sio2-pro/";"https://brilhax.lojas.avilaops.com/produtos/sio2-pro-500-ml"
"cmtv7ce0200aqpd01nobvkifl";"SIO2 VONIXX 500Ml";"Vonixx";"7898511027110";"sim";"1";"7898511027110";"formato/dígito válidos";"";"Peso e dimensões da embalagem não informados individualmente";"Não controlado; confirmar se deseja controlar";"https://www.vonixx.com.br/produto/sio2-pro/";"https://brilhax.lojas.avilaops.com/produtos/sio2-vonixx-500ml"
"cmtv7ce0a00aspd0119g3mca9";"SNOW  FOAN (Bico Amarelo) Furacão 1.3";"Vonixx";"7898671782218";"não";"2";"7898671782218";"formato/dígito válidos";"descrição | descrição curta | preço de venda";"Peso e dimensões da embalagem não informados individualmente";"Não controlado; confirmar se deseja controlar";"";"https://brilhax.lojas.avilaops.com/produtos/snow-foan-bico-amarelo-furacao-1-3"
"cmtv7ce0l00aupd014ice4mlg";"SNOW FOAM BICO AMARELO GICLE 1.3 MM";"Detailer";"00068";"não";"0";"";"ausente";"foto confirmada | descrição | descrição curta | preço de venda | GTIN: confirmar no rótulo ou justificar inexistência";"Peso e dimensões da embalagem não informados individualmente";"Não controlado; confirmar se deseja controlar";"";"https://brilhax.lojas.avilaops.com/produtos/snow-foam-bico-amarelo-gicle-1-3-mm"
"cmtv7ce0w00awpd01e5og4rja";"SNOW FOAM BICO VERMELHO / LAVADORA D ALTA PRESSAO";"Detailer";"00069";"não";"0";"";"ausente";"foto confirmada | descrição | descrição curta | preço de venda | GTIN: confirmar no rótulo ou justificar inexistência";"Peso e dimensões da embalagem não informados individualmente";"Não controlado; confirmar se deseja controlar";"";"https://brilhax.lojas.avilaops.com/produtos/snow-foam-bico-vermelho-lavadora-d-alta-pressao"
"cmtv7cebn00ckpd01otxroaq1";"V-PAINT";"Vonixx";"00054";"não";"0";"";"ausente";"foto confirmada | preço de venda | GTIN: confirmar no rótulo ou justificar inexistência";"Peso e dimensões da embalagem não informados individualmente";"Não controlado; confirmar se deseja controlar";"https://www.vonixx.com.br/produto/v-paint/";"https://brilhax.lojas.avilaops.com/produtos/v-paint"
"cmtv7ce5y00bqpd01aytcaqv6";"TOALHA MICROFIBRA DIVERSAS 37X57";"Detailer";"00062";"não";"0";"";"ausente";"foto confirmada | descrição | descrição curta | preço de venda | GTIN: confirmar no rótulo ou justificar inexistência";"Peso e dimensões da embalagem não informados individualmente";"Não controlado; confirmar se deseja controlar";"";"https://brilhax.lojas.avilaops.com/produtos/toalha-microfibra-diversas-37x57"
"cmtv7ce6500bspd010w874z0d";"TRYON 500 ML";"Vonixx";"00032";"não";"1";"";"ausente";"preço de venda | GTIN: confirmar no rótulo ou justificar inexistência";"Peso e dimensões da embalagem não informados individualmente";"Não controlado; confirmar se deseja controlar";"https://www.vonixx.com.br/produto/tryon/";"https://brilhax.lojas.avilaops.com/produtos/tryon-500-ml"
"cmtv7ce6c00bupd0186u6dpb8";"TRYON FINALIZADOR RESTAURADOR DE PLASTICO 3 EM 1";"Vonixx";"JARBAS-44c54527";"sim";"1";"";"ausente";"GTIN: confirmar no rótulo ou justificar inexistência";"Peso e dimensões da embalagem não informados individualmente";"Não controlado; confirmar se deseja controlar";"https://www.vonixx.com.br/produto/tryon/";"https://brilhax.lojas.avilaops.com/produtos/tryon-finalizador-restaurador-de-plastico-3-em-1"
"cmtv7ce6n00bwpd01pvq1j8ld";"V floc 1,5";"Vonixx";"7898511027097";"não";"1";"7898511027097";"formato/dígito válidos";"preço de venda";"Peso e dimensões da embalagem não informados individualmente";"Não controlado; confirmar se deseja controlar";"https://www.vonixx.com.br/produto/v-floc/";"https://brilhax.lojas.avilaops.com/produtos/v-floc-1-5"
"cmtv7ce6z00bypd011gfqd2es";"V mol 5 litros";"Vonixx";"7898511033470";"não";"1";"7898511033470";"formato/dígito válidos";"preço de venda";"Peso e dimensões da embalagem não informados individualmente";"Não controlado; confirmar se deseja controlar";"https://www.vonixx.com.br/produto/v-mol/";"https://brilhax.lojas.avilaops.com/produtos/v-mol-5-litros"
"cmtv7ce7j00c2pd01je65ln24";"V-CUT POLIDOR DE CORTES PREMIUM";"Vonixx";"7898511030981";"não";"1";"7898511030981";"formato/dígito válidos";"preço de venda";"Peso e dimensões da embalagem não informados individualmente";"Não controlado; confirmar se deseja controlar";"https://www.vonixx.com.br/produto/v-cut/";"https://brilhax.lojas.avilaops.com/produtos/v-cut-polidor-de-cortes-premium"
"cmtv7ce7s00c4pd01jaim5ysf";"V-ECO FAST 500ML";"Vonixx";"7898511030585";"sim";"1";"7898511030585";"formato/dígito válidos";"";"Peso e dimensões da embalagem não informados individualmente";"Não controlado; confirmar se deseja controlar";"https://www.vonixx.com.br/produto/v-eco-fast/";"https://brilhax.lojas.avilaops.com/produtos/v-eco-fast-500ml"
"cmtv7ce8300c6pd01nv5jwm8x";"V-ECO PRO 1,5";"Vonixx";"00021";"não";"1";"";"ausente";"preço de venda | GTIN: confirmar no rótulo ou justificar inexistência";"Peso e dimensões da embalagem não informados individualmente";"Não controlado; confirmar se deseja controlar";"https://www.vonixx.com.br/produto/v-eco-pro/";"https://brilhax.lojas.avilaops.com/produtos/v-eco-pro-1-5"
"cmtv7ce8c00c8pd01rzeeu4u6";"V-FLOC 3L";"Vonixx";"7898511030660";"não";"1";"7898511030660";"formato/dígito válidos";"preço de venda";"Peso e dimensões da embalagem não informados individualmente";"Não controlado; confirmar se deseja controlar";"https://www.vonixx.com.br/produto/v-floc/";"https://brilhax.lojas.avilaops.com/produtos/v-floc-3l"
"cmtv7ce8s00capd01bsjytczd";"V-FLOC 500ML";"Vonixx";"7898511030653";"sim";"2";"7898511030653";"formato/dígito válidos";"";"Peso e dimensões da embalagem não informados individualmente";"Não controlado; confirmar se deseja controlar";"https://www.vonixx.com.br/produto/v-floc/";"https://brilhax.lojas.avilaops.com/produtos/v-floc-500ml"
"cmtv7ce9900ccpd016awooq9x";"V-FLOC 5L";"Vonixx";"7898511032886";"sim";"2";"7898511032886";"formato/dígito válidos";"";"Peso e dimensões da embalagem não informados individualmente";"Não controlado; confirmar se deseja controlar";"https://www.vonixx.com.br/produto/v-floc/";"https://brilhax.lojas.avilaops.com/produtos/v-floc-5l"
"cmtv7ce9y00cepd01a6bytzl2";"V-MOL 1,5L";"Vonixx";"7898511033463";"sim";"2";"7898511033463";"formato/dígito válidos";"";"Peso e dimensões da embalagem não informados individualmente";"Não controlado; confirmar se deseja controlar";"https://www.vonixx.com.br/produto/v-mol/";"https://brilhax.lojas.avilaops.com/produtos/v-mol-1-5l"
"cmtv7ceag00cgpd01rvjep9kg";"V-MOL 500ML";"Vonixx";"7898511034293";"não";"2";"7898511034293";"formato/dígito válidos";"preço de venda";"Peso e dimensões da embalagem não informados individualmente";"Não controlado; confirmar se deseja controlar";"https://www.vonixx.com.br/produto/v-mol/";"https://brilhax.lojas.avilaops.com/produtos/v-mol-500ml"
"cmtv7cebv00cmpd012azoeujd";"V40 4EM1 500ML";"Vonixx";"7898511030011";"sim";"1";"7898511030011";"formato/dígito válidos";"";"Peso e dimensões da embalagem não informados individualmente";"Não controlado; confirmar se deseja controlar";"https://www.vonixx.com.br/produto/v40/";"https://brilhax.lojas.avilaops.com/produtos/v40-4em1-500ml"
"cmtv7cec300copd01ajw1tc2v";"VENON 500 ML";"Nitro";"00144";"não";"0";"";"ausente";"foto confirmada | descrição | descrição curta | preço de venda | GTIN: confirmar no rótulo ou justificar inexistência";"Peso e dimensões da embalagem não informados individualmente";"Não controlado; confirmar se deseja controlar";"";"https://brilhax.lojas.avilaops.com/produtos/venon-500-ml"
"cmtv7ceca00cqpd01zk4aidhf";"VEXUS 1,5";"Vonixx";"00016";"não";"1";"";"ausente";"preço de venda | GTIN: confirmar no rótulo ou justificar inexistência";"Peso e dimensões da embalagem não informados individualmente";"Não controlado; confirmar se deseja controlar";"https://www.vonixx.com.br/produto/vexus/";"https://brilhax.lojas.avilaops.com/produtos/vexus-1-5"
"cmtv7ceck00cspd017zxputqf";"VEXUS 1.5L VONIXX";"Vonixx";"https://uqr.to/1pftg";"sim";"1";"https://uqr.to/1pftg";"inválido";"GTIN inválido: confirmar código de barras";"Peso e dimensões da embalagem não informados individualmente";"Não controlado; confirmar se deseja controlar";"https://www.vonixx.com.br/produto/vexus/";"https://brilhax.lojas.avilaops.com/produtos/vexus-1-5l-vonixx"
"cmtv7ced200cupd01o74c6rjy";"VEXUS 500ML";"Vonixx";"7898511037508";"sim";"1";"7898511037508";"formato/dígito válidos";"";"Peso e dimensões da embalagem não informados individualmente";"Não controlado; confirmar se deseja controlar";"https://www.vonixx.com.br/produto/vexus/";"https://brilhax.lojas.avilaops.com/produtos/vexus-500ml"
