#;Produto;URL;Tipo;O que confirmar;Quem
1;Aplicador de Microfibra Vonixx com Encaixe de Mão 200 GSM;https://brilhax.com/produtos/aplicador-microfibra-c-encaixe-de-mao;Confirmar (suspeita);"Tamanho '12 x 2,5 cm' sem fonte registrada; conferir na embalagem";Lojista
1;Aplicador de Microfibra Vonixx com Encaixe de Mão 200 GSM;https://brilhax.com/produtos/aplicador-microfibra-c-encaixe-de-mao;Dado indisponível;Peso e dimensões da embalagem de envio (nenhum item no feed tem shipping_weight);Lojista
1;Aplicador de Microfibra Vonixx com Encaixe de Mão 200 GSM;https://brilhax.com/produtos/aplicador-microfibra-c-encaixe-de-mao;Dado indisponível;"Controle de estoque: snapshot de 12/09 mostra estoque não controlado; página e feed dizem 'em estoque'";Lojista
2;Aplicador para Pneus Vintex — Pacote com 2 Unidades;https://brilhax.com/produtos/aplicador-esp-pct-2und-2;Confirmar (suspeita);"Slug 'aplicador-esp-pct-2und-2' é pouco descritivo; renomear só com redirecionamento 301";Lojista
2;Aplicador para Pneus Vintex — Pacote com 2 Unidades;https://brilhax.com/produtos/aplicador-esp-pct-2und-2;Dado indisponível;Peso e dimensões da embalagem de envio (nenhum item no feed tem shipping_weight);Lojista
2;Aplicador para Pneus Vintex — Pacote com 2 Unidades;https://brilhax.com/produtos/aplicador-esp-pct-2und-2;Dado indisponível;"Controle de estoque: snapshot de 12/09 mostra estoque não controlado; página e feed dizem 'em estoque'";Lojista
3;Escova Angular de Microfibra Vonixx Grande 50 cm;https://brilhax.com/produtos/escova-grande-microfibra-angular-para-limpeza-de-roda-vonixx;Dado indisponível;Peso e dimensões da embalagem de envio (nenhum item no feed tem shipping_weight);Lojista
3;Escova Angular de Microfibra Vonixx Grande 50 cm;https://brilhax.com/produtos/escova-grande-microfibra-angular-para-limpeza-de-roda-vonixx;Dado indisponível;"Controle de estoque: snapshot de 12/09 mostra estoque não controlado; página e feed dizem 'em estoque'";Lojista
4;Escova Detailer para Caixa de Roda — Cabo Curto;https://brilhax.com/produtos/escova-caixa-de-roda-cabo-curto-detailer;Dado indisponível;Peso e dimensões da embalagem de envio (nenhum item no feed tem shipping_weight);Lojista
4;Escova Detailer para Caixa de Roda — Cabo Curto;https://brilhax.com/produtos/escova-caixa-de-roda-cabo-curto-detailer;Dado indisponível;"Controle de estoque: snapshot de 12/09 mostra estoque não controlado; página e feed dizem 'em estoque'";Lojista
5;Escova para Pneus Detailer E07;https://brilhax.com/produtos/escova-para-lavagem-de-pneus;Dado indisponível;Peso e dimensões da embalagem de envio (nenhum item no feed tem shipping_weight);Lojista
5;Escova para Pneus Detailer E07;https://brilhax.com/produtos/escova-para-lavagem-de-pneus;Dado indisponível;"Controle de estoque: snapshot de 12/09 mostra estoque não controlado; página e feed dizem 'em estoque'";Lojista
6;Pincel Zacs de Detalhamento Externo Nº 14;https://brilhax.com/produtos/pincel-det-externo-14-zacs;Confirmar (suspeita);"GTIN 17898511034382 tem 14 dígitos com indicador '1' (padrão de caixa/embalagem de agrupamento). Confirmar no rótulo da unidade vendida se existe EAN-13 próprio; não derivar";Fornecedor/fabricante
6;Pincel Zacs de Detalhamento Externo Nº 14;https://brilhax.com/produtos/pincel-det-externo-14-zacs;Dado indisponível;Peso e dimensões da embalagem de envio (nenhum item no feed tem shipping_weight);Lojista
6;Pincel Zacs de Detalhamento Externo Nº 14;https://brilhax.com/produtos/pincel-det-externo-14-zacs;Dado indisponível;"Controle de estoque: snapshot de 12/09 mostra estoque não controlado; página e feed dizem 'em estoque'";Lojista
7;Pincel Zacs de Detalhamento Interno Nº 14;https://brilhax.com/produtos/pincel-det-medio-interno-14-zacs;Confirmar (suspeita);"GTIN 17898511034375 tem 14 dígitos com indicador '1' (padrão de caixa). Confirmar EAN-13 da unidade no rótulo; não derivar";Fornecedor/fabricante
7;Pincel Zacs de Detalhamento Interno Nº 14;https://brilhax.com/produtos/pincel-det-medio-interno-14-zacs;Dado indisponível;Peso e dimensões da embalagem de envio (nenhum item no feed tem shipping_weight);Lojista
7;Pincel Zacs de Detalhamento Interno Nº 14;https://brilhax.com/produtos/pincel-det-medio-interno-14-zacs;Dado indisponível;"Controle de estoque: snapshot de 12/09 mostra estoque não controlado; página e feed dizem 'em estoque'";Lojista
8;AROMINHA CARRO NOVO SCENT;https://brilhax.com/produtos/arominha-carro-novo-scent;Confirmar (suspeita);Marca incerta: cadastro diz 'Scent', descrição diz 'Aromas City … Novo Scent'. Confirmar fabricante e marca no rótulo;Fornecedor/fabricante
8;AROMINHA CARRO NOVO SCENT;https://brilhax.com/produtos/arominha-carro-novo-scent;Confirmar (suspeita);"Volume de 100 ml aparece só no texto; confirmar no rótulo";Fornecedor/fabricante
8;AROMINHA CARRO NOVO SCENT;https://brilhax.com/produtos/arominha-carro-novo-scent;Dado indisponível;GTIN;Fornecedor/fabricante
8;AROMINHA CARRO NOVO SCENT;https://brilhax.com/produtos/arominha-carro-novo-scent;Dado indisponível;Fabricante/CNPJ do rótulo;Fornecedor/fabricante
8;AROMINHA CARRO NOVO SCENT;https://brilhax.com/produtos/arominha-carro-novo-scent;Dado indisponível;"Classificação de transporte (spray aromatizante costuma ser inflamável; sem FDS)";Fornecedor/fabricante
8;AROMINHA CARRO NOVO SCENT;https://brilhax.com/produtos/arominha-carro-novo-scent;Dado indisponível;Peso e dimensões da embalagem de envio (nenhum item no feed tem shipping_weight);Lojista
8;AROMINHA CARRO NOVO SCENT;https://brilhax.com/produtos/arominha-carro-novo-scent;Dado indisponível;"Controle de estoque: snapshot de 12/09 mostra estoque não controlado; página e feed dizem 'em estoque'";Lojista
9;Aromatizante Carro Novo Vintex Spray 60 ml;https://brilhax.com/produtos/aroma-carro-novo;Confirmar (suspeita);"Produto inflamável (ONU 1993, classe 3, GE II): Correios (PAC/SEDEX) aparecem no frete; confirmar se a transportadora aceita";Lojista
9;Aromatizante Carro Novo Vintex Spray 60 ml;https://brilhax.com/produtos/aroma-carro-novo;Dado indisponível;Peso e dimensões da embalagem de envio (nenhum item no feed tem shipping_weight);Lojista
9;Aromatizante Carro Novo Vintex Spray 60 ml;https://brilhax.com/produtos/aroma-carro-novo;Dado indisponível;"Controle de estoque: snapshot de 12/09 mostra estoque não controlado; página e feed dizem 'em estoque'";Lojista
10;Sanitizante Carro Novo Vintex 1,5 L;https://brilhax.com/produtos/aroma-carro-novo-vintex-1-5l;Confirmar (suspeita);"Alegação 'elimina 99,99% das bactérias' é do fabricante; saneante com ação antimicrobiana exige registro Anvisa — pedir número ao fornecedor antes de anunciar em marketplace";Fornecedor/fabricante
10;Sanitizante Carro Novo Vintex 1,5 L;https://brilhax.com/produtos/aroma-carro-novo-vintex-1-5l;Confirmar (suspeita);"Slug 'aroma-carro-novo-vintex-1-5l' diz aroma; produto é sanitizante";Lojista
10;Sanitizante Carro Novo Vintex 1,5 L;https://brilhax.com/produtos/aroma-carro-novo-vintex-1-5l;Dado indisponível;Número de registro/notificação Anvisa;Fornecedor/fabricante
10;Sanitizante Carro Novo Vintex 1,5 L;https://brilhax.com/produtos/aroma-carro-novo-vintex-1-5l;Dado indisponível;Peso e dimensões da embalagem de envio (nenhum item no feed tem shipping_weight);Lojista
10;Sanitizante Carro Novo Vintex 1,5 L;https://brilhax.com/produtos/aroma-carro-novo-vintex-1-5l;Dado indisponível;"Controle de estoque: snapshot de 12/09 mostra estoque não controlado; página e feed dizem 'em estoque'";Lojista
11;Kit de Escovas Drill Detailer;https://brilhax.com/produtos/kit-escova-drill-detailer;Confirmar (suspeita);"Categoria 'Kits Completos' para um conjunto de escovas de furadeira; comprador tende a procurar em 'Acessórios'";Lojista
11;Kit de Escovas Drill Detailer;https://brilhax.com/produtos/kit-escova-drill-detailer;Dado indisponível;Peso e dimensões da embalagem de envio (nenhum item no feed tem shipping_weight);Lojista
11;Kit de Escovas Drill Detailer;https://brilhax.com/produtos/kit-escova-drill-detailer;Dado indisponível;"Controle de estoque: snapshot de 12/09 mostra estoque não controlado; página e feed dizem 'em estoque'";Lojista
12;Acidus Fast Vonixx 500 ml;https://brilhax.com/produtos/acidus-fast-500ml;Confirmar (suspeita);Limpador ácido (pH 2,5–4,5): Shopee proíbe ácidos na política de restritos — confirmar antes de anunciar lá;Lojista
12;Acidus Fast Vonixx 500 ml;https://brilhax.com/produtos/acidus-fast-500ml;Confirmar (suspeita);"Banner com texto na galeria; no feed do Google usar só fotos sem texto sobreposto";Lojista
12;Acidus Fast Vonixx 500 ml;https://brilhax.com/produtos/acidus-fast-500ml;Dado indisponível;Peso e dimensões da embalagem de envio (nenhum item no feed tem shipping_weight);Lojista
12;Acidus Fast Vonixx 500 ml;https://brilhax.com/produtos/acidus-fast-500ml;Dado indisponível;"Controle de estoque: snapshot de 12/09 mostra estoque não controlado; página e feed dizem 'em estoque'";Lojista
13;Alumax Vintex Desincrustante Ácido 1,5 L;https://brilhax.com/produtos/alumax-limpador-de-aluminio-e-carroceria-1-5l-vintex;Confirmar (suspeita);Shopee: ácido corrosivo, provável proibição;Lojista
13;Alumax Vintex Desincrustante Ácido 1,5 L;https://brilhax.com/produtos/alumax-limpador-de-aluminio-e-carroceria-1-5l-vintex;Dado indisponível;Peso e dimensões da embalagem de envio (nenhum item no feed tem shipping_weight);Lojista
13;Alumax Vintex Desincrustante Ácido 1,5 L;https://brilhax.com/produtos/alumax-limpador-de-aluminio-e-carroceria-1-5l-vintex;Dado indisponível;"Controle de estoque: snapshot de 12/09 mostra estoque não controlado; página e feed dizem 'em estoque'";Lojista
14;Alumax Vintex Desincrustante Ácido 5 L;https://brilhax.com/produtos/alumax-concentrado-5l;Confirmar (suspeita);Shopee: ácido corrosivo, provável proibição;Lojista
14;Alumax Vintex Desincrustante Ácido 5 L;https://brilhax.com/produtos/alumax-concentrado-5l;Dado indisponível;Peso e dimensões da embalagem de envio (nenhum item no feed tem shipping_weight);Lojista
14;Alumax Vintex Desincrustante Ácido 5 L;https://brilhax.com/produtos/alumax-concentrado-5l;Dado indisponível;"Controle de estoque: snapshot de 12/09 mostra estoque não controlado; página e feed dizem 'em estoque'";Lojista
15;Canhão de Espuma Detailer Bico Vermelho 1 L;https://brilhax.com/produtos/canhao-de-espuma-bico-vermelho;Dado indisponível;Peso e dimensões da embalagem de envio (nenhum item no feed tem shipping_weight);Lojista
15;Canhão de Espuma Detailer Bico Vermelho 1 L;https://brilhax.com/produtos/canhao-de-espuma-bico-vermelho;Dado indisponível;"Controle de estoque: snapshot de 12/09 mostra estoque não controlado; página e feed dizem 'em estoque'";Lojista
16;Delet Vonixx Limpador de Pneus e Borrachas 5 L;https://brilhax.com/produtos/delet-vonixx-5l;Dado indisponível;Peso e dimensões da embalagem de envio (nenhum item no feed tem shipping_weight);Lojista
16;Delet Vonixx Limpador de Pneus e Borrachas 5 L;https://brilhax.com/produtos/delet-vonixx-5l;Dado indisponível;"Controle de estoque: snapshot de 12/09 mostra estoque não controlado; página e feed dizem 'em estoque'";Lojista
17;Delet Vonixx Limpador de Pneus e Borrachas 500 ml;https://brilhax.com/produtos/delet-500ml;Dado indisponível;Peso e dimensões da embalagem de envio (nenhum item no feed tem shipping_weight);Lojista
17;Delet Vonixx Limpador de Pneus e Borrachas 500 ml;https://brilhax.com/produtos/delet-500ml;Dado indisponível;"Controle de estoque: snapshot de 12/09 mostra estoque não controlado; página e feed dizem 'em estoque'";Lojista
18;Extractus Vonixx Limpador de Estofados 1 L;https://brilhax.com/produtos/extractus-desengraxante;Confirmar (suspeita);"Slug diz 'desengraxante'; produto é limpador de estofados — renomear só com 301";Lojista
18;Extractus Vonixx Limpador de Estofados 1 L;https://brilhax.com/produtos/extractus-desengraxante;Dado indisponível;GTIN do frasco de 1 L;Fornecedor/fabricante
18;Extractus Vonixx Limpador de Estofados 1 L;https://brilhax.com/produtos/extractus-desengraxante;Dado indisponível;Peso e dimensões da embalagem de envio (nenhum item no feed tem shipping_weight);Lojista
18;Extractus Vonixx Limpador de Estofados 1 L;https://brilhax.com/produtos/extractus-desengraxante;Dado indisponível;"Controle de estoque: snapshot de 12/09 mostra estoque não controlado; página e feed dizem 'em estoque'";Lojista
19;Flexus Vonixx Limpador e Condicionador 500 ml;https://brilhax.com/produtos/flexus-500ml;Dado indisponível;Peso e dimensões da embalagem de envio (nenhum item no feed tem shipping_weight);Lojista
19;Flexus Vonixx Limpador e Condicionador 500 ml;https://brilhax.com/produtos/flexus-500ml;Dado indisponível;"Controle de estoque: snapshot de 12/09 mostra estoque não controlado; página e feed dizem 'em estoque'";Lojista
20;Focus Vonixx Removedor de Marcas d’Água 240 ml;https://brilhax.com/produtos/focus-240ml;Dado indisponível;Peso e dimensões da embalagem de envio (nenhum item no feed tem shipping_weight);Lojista
20;Focus Vonixx Removedor de Marcas d’Água 240 ml;https://brilhax.com/produtos/focus-240ml;Dado indisponível;"Controle de estoque: snapshot de 12/09 mostra estoque não controlado; página e feed dizem 'em estoque'";Lojista
21;Glazy Vonixx Limpador de Vidros 4 em 1 500 ml;https://brilhax.com/produtos/glazy-500ml;Dado indisponível;Peso e dimensões da embalagem de envio (nenhum item no feed tem shipping_weight);Lojista
21;Glazy Vonixx Limpador de Vidros 4 em 1 500 ml;https://brilhax.com/produtos/glazy-500ml;Dado indisponível;"Controle de estoque: snapshot de 12/09 mostra estoque não controlado; página e feed dizem 'em estoque'";Lojista
22;Higicouro Vonixx Limpador de Couro 500 ml;https://brilhax.com/produtos/higicouro-500ml;Dado indisponível;Peso e dimensões da embalagem de envio (nenhum item no feed tem shipping_weight);Lojista
22;Higicouro Vonixx Limpador de Couro 500 ml;https://brilhax.com/produtos/higicouro-500ml;Dado indisponível;"Controle de estoque: snapshot de 12/09 mostra estoque não controlado; página e feed dizem 'em estoque'";Lojista
23;Impact Vonixx Multilimpador Concentrado 1,5 L;https://brilhax.com/produtos/impact-1-5l;Confirmar (suspeita);"FDS citada classifica como corrosivo (H314); confirmar classe de transporte antes de oferecer Correios";Lojista
23;Impact Vonixx Multilimpador Concentrado 1,5 L;https://brilhax.com/produtos/impact-1-5l;Dado indisponível;Peso e dimensões da embalagem de envio (nenhum item no feed tem shipping_weight);Lojista
23;Impact Vonixx Multilimpador Concentrado 1,5 L;https://brilhax.com/produtos/impact-1-5l;Dado indisponível;"Controle de estoque: snapshot de 12/09 mostra estoque não controlado; página e feed dizem 'em estoque'";Lojista
24;Izer Vonixx Descontaminante Ferroso 500 ml;https://brilhax.com/produtos/izer-500ml;Dado indisponível;Peso e dimensões da embalagem de envio (nenhum item no feed tem shipping_weight);Lojista
24;Izer Vonixx Descontaminante Ferroso 500 ml;https://brilhax.com/produtos/izer-500ml;Dado indisponível;"Controle de estoque: snapshot de 12/09 mostra estoque não controlado; página e feed dizem 'em estoque'";Lojista
25;Lamax Nitro Desengraxante 500 ml;https://brilhax.com/produtos/lamax;Confirmar (suspeita);"Preço R$ 10,00 destoa do restante do catálogo (500 ml de desengraxante concentrado); confirmar com o lojista — preço não alterado";Lojista
25;Lamax Nitro Desengraxante 500 ml;https://brilhax.com/produtos/lamax;Dado indisponível;GTIN;Fornecedor/fabricante
25;Lamax Nitro Desengraxante 500 ml;https://brilhax.com/produtos/lamax;Dado indisponível;Peso e dimensões da embalagem de envio (nenhum item no feed tem shipping_weight);Lojista
25;Lamax Nitro Desengraxante 500 ml;https://brilhax.com/produtos/lamax;Dado indisponível;"Controle de estoque: snapshot de 12/09 mostra estoque não controlado; página e feed dizem 'em estoque'";Lojista
26;Prizm Vonixx Restaurador de Vidros 500 ml;https://brilhax.com/produtos/prizm-500ml;Dado indisponível;Peso e dimensões da embalagem de envio (nenhum item no feed tem shipping_weight);Lojista
26;Prizm Vonixx Restaurador de Vidros 500 ml;https://brilhax.com/produtos/prizm-500ml;Dado indisponível;"Controle de estoque: snapshot de 12/09 mostra estoque não controlado; página e feed dizem 'em estoque'";Lojista
27;Removex Vintex Desengraxante 1,5 L;https://brilhax.com/produtos/removex-vintex-1-5l;Confirmar (suspeita);Corrosivo (H314 cat. 1A) — confirmar classe de transporte antes de oferecer Correios;Lojista
27;Removex Vintex Desengraxante 1,5 L;https://brilhax.com/produtos/removex-vintex-1-5l;Dado indisponível;Peso e dimensões da embalagem de envio (nenhum item no feed tem shipping_weight);Lojista
27;Removex Vintex Desengraxante 1,5 L;https://brilhax.com/produtos/removex-vintex-1-5l;Dado indisponível;"Controle de estoque: snapshot de 12/09 mostra estoque não controlado; página e feed dizem 'em estoque'";Lojista
28;Sintra Fast Vonixx Limpador Interno 500 ml;https://brilhax.com/produtos/sintra-fast-500ml;Dado indisponível;Peso e dimensões da embalagem de envio (nenhum item no feed tem shipping_weight);Lojista
28;Sintra Fast Vonixx Limpador Interno 500 ml;https://brilhax.com/produtos/sintra-fast-500ml;Dado indisponível;"Controle de estoque: snapshot de 12/09 mostra estoque não controlado; página e feed dizem 'em estoque'";Lojista
29;Sintra Pro Vonixx Multilimpador Concentrado 1,5 L;https://brilhax.com/produtos/sintra-1-5l;Confirmar (suspeita);FDS: corrosão cutânea 1C — confirmar classe de transporte;Fornecedor/fabricante
29;Sintra Pro Vonixx Multilimpador Concentrado 1,5 L;https://brilhax.com/produtos/sintra-1-5l;Dado indisponível;Peso e dimensões da embalagem de envio (nenhum item no feed tem shipping_weight);Lojista
29;Sintra Pro Vonixx Multilimpador Concentrado 1,5 L;https://brilhax.com/produtos/sintra-1-5l;Dado indisponível;"Controle de estoque: snapshot de 12/09 mostra estoque não controlado; página e feed dizem 'em estoque'";Lojista
30;Strike Vonixx Removedor de Piche e Cola 1,5 L;https://brilhax.com/produtos/strike-1-5l;Dado indisponível;Peso e dimensões da embalagem de envio (nenhum item no feed tem shipping_weight);Lojista
30;Strike Vonixx Removedor de Piche e Cola 1,5 L;https://brilhax.com/produtos/strike-1-5l;Dado indisponível;"Controle de estoque: snapshot de 12/09 mostra estoque não controlado; página e feed dizem 'em estoque'";Lojista
31;Strike Vonixx Removedor de Piche e Cola 500 ml;https://brilhax.com/produtos/strike-500ml;Dado indisponível;Peso e dimensões da embalagem de envio (nenhum item no feed tem shipping_weight);Lojista
31;Strike Vonixx Removedor de Piche e Cola 500 ml;https://brilhax.com/produtos/strike-500ml;Dado indisponível;"Controle de estoque: snapshot de 12/09 mostra estoque não controlado; página e feed dizem 'em estoque'";Lojista
32;V-Eco Fast Vonixx Lavagem sem Enxágue 500 ml;https://brilhax.com/produtos/v-eco-fast-500ml;Dado indisponível;Peso e dimensões da embalagem de envio (nenhum item no feed tem shipping_weight);Lojista
32;V-Eco Fast Vonixx Lavagem sem Enxágue 500 ml;https://brilhax.com/produtos/v-eco-fast-500ml;Dado indisponível;"Controle de estoque: snapshot de 12/09 mostra estoque não controlado; página e feed dizem 'em estoque'";Lojista
33;V-Floc Vonixx Shampoo Concentrado 1,5 L;https://brilhax.com/produtos/shampoo-v-floc-1-5l-vonixx;Confirmar (suspeita);Código exibido 2011004 (código Vonixx), diferente das outras apresentações que exibem o EAN — padronizar SKU;Lojista
33;V-Floc Vonixx Shampoo Concentrado 1,5 L;https://brilhax.com/produtos/shampoo-v-floc-1-5l-vonixx;Dado indisponível;Peso e dimensões da embalagem de envio (nenhum item no feed tem shipping_weight);Lojista
33;V-Floc Vonixx Shampoo Concentrado 1,5 L;https://brilhax.com/produtos/shampoo-v-floc-1-5l-vonixx;Dado indisponível;"Controle de estoque: snapshot de 12/09 mostra estoque não controlado; página e feed dizem 'em estoque'";Lojista
34;V-Floc Vonixx Shampoo Concentrado 5 L;https://brilhax.com/produtos/v-floc-5l;Dado indisponível;Peso e dimensões da embalagem de envio (nenhum item no feed tem shipping_weight);Lojista
34;V-Floc Vonixx Shampoo Concentrado 5 L;https://brilhax.com/produtos/v-floc-5l;Dado indisponível;"Controle de estoque: snapshot de 12/09 mostra estoque não controlado; página e feed dizem 'em estoque'";Lojista
35;V-Floc Vonixx Shampoo Concentrado 500 ml;https://brilhax.com/produtos/v-floc-500ml;Dado indisponível;Peso e dimensões da embalagem de envio (nenhum item no feed tem shipping_weight);Lojista
35;V-Floc Vonixx Shampoo Concentrado 500 ml;https://brilhax.com/produtos/v-floc-500ml;Dado indisponível;"Controle de estoque: snapshot de 12/09 mostra estoque não controlado; página e feed dizem 'em estoque'";Lojista
36;V-Mol Vonixx Shampoo Desincrustante 1,5 L;https://brilhax.com/produtos/v-mol-1-5l;Dado indisponível;Peso e dimensões da embalagem de envio (nenhum item no feed tem shipping_weight);Lojista
36;V-Mol Vonixx Shampoo Desincrustante 1,5 L;https://brilhax.com/produtos/v-mol-1-5l;Dado indisponível;"Controle de estoque: snapshot de 12/09 mostra estoque não controlado; página e feed dizem 'em estoque'";Lojista
37;Vexus Vonixx Limpador de Rodas e Motores 1,5 L;https://brilhax.com/produtos/vexus-1-5l-vonixx;Confirmar (suspeita);"Ficha diz 'Não classificado como perigoso para transporte' e, ao mesmo tempo, 'corrosivo 1C (H314)'; conferir FDS";Fornecedor/fabricante
37;Vexus Vonixx Limpador de Rodas e Motores 1,5 L;https://brilhax.com/produtos/vexus-1-5l-vonixx;Confirmar (suspeita);Código exibido 2050427 (código Vonixx) — padronizar SKU;Lojista
37;Vexus Vonixx Limpador de Rodas e Motores 1,5 L;https://brilhax.com/produtos/vexus-1-5l-vonixx;Dado indisponível;Peso e dimensões da embalagem de envio (nenhum item no feed tem shipping_weight);Lojista
37;Vexus Vonixx Limpador de Rodas e Motores 1,5 L;https://brilhax.com/produtos/vexus-1-5l-vonixx;Dado indisponível;"Controle de estoque: snapshot de 12/09 mostra estoque não controlado; página e feed dizem 'em estoque'";Lojista
38;Vexus Vonixx Limpador de Rodas e Motores 500 ml;https://brilhax.com/produtos/vexus-500ml;Confirmar (suspeita);FDS: corrosivo 1C (H314) — confirmar classe de transporte;Fornecedor/fabricante
38;Vexus Vonixx Limpador de Rodas e Motores 500 ml;https://brilhax.com/produtos/vexus-500ml;Dado indisponível;Peso e dimensões da embalagem de envio (nenhum item no feed tem shipping_weight);Lojista
38;Vexus Vonixx Limpador de Rodas e Motores 500 ml;https://brilhax.com/produtos/vexus-500ml;Dado indisponível;"Controle de estoque: snapshot de 12/09 mostra estoque não controlado; página e feed dizem 'em estoque'";Lojista
39;Boina Arctic Wool Wolf Pads 133 mm Ventilada;https://brilhax.com/produtos/boina-arctic-wool-133mm-ventilado;Confirmar (suspeita);"Preço (R$ 56,87) maior que a versão 152 mm (R$ 56,39); confirmar tabela";Lojista
39;Boina Arctic Wool Wolf Pads 133 mm Ventilada;https://brilhax.com/produtos/boina-arctic-wool-133mm-ventilado;Dado indisponível;"GTIN (fabricante não publicou; se não existir, declarar ausência com MPN = código WP)";Fornecedor/fabricante
39;Boina Arctic Wool Wolf Pads 133 mm Ventilada;https://brilhax.com/produtos/boina-arctic-wool-133mm-ventilado;Dado indisponível;Peso e dimensões da embalagem de envio (nenhum item no feed tem shipping_weight);Lojista
39;Boina Arctic Wool Wolf Pads 133 mm Ventilada;https://brilhax.com/produtos/boina-arctic-wool-133mm-ventilado;Dado indisponível;"Controle de estoque: snapshot de 12/09 mostra estoque não controlado; página e feed dizem 'em estoque'";Lojista
40;Boina Arctic Wool Wolf Pads 133 mm com Interface;https://brilhax.com/produtos/boina-arctic-wool-c-interface-de-espuma-133mm-5-25pol-ventilado;Dado indisponível;"GTIN (fabricante não publicou; se não existir, declarar ausência com MPN = código WP)";Fornecedor/fabricante
40;Boina Arctic Wool Wolf Pads 133 mm com Interface;https://brilhax.com/produtos/boina-arctic-wool-c-interface-de-espuma-133mm-5-25pol-ventilado;Dado indisponível;Peso e dimensões da embalagem de envio (nenhum item no feed tem shipping_weight);Lojista
40;Boina Arctic Wool Wolf Pads 133 mm com Interface;https://brilhax.com/produtos/boina-arctic-wool-c-interface-de-espuma-133mm-5-25pol-ventilado;Dado indisponível;"Controle de estoque: snapshot de 12/09 mostra estoque não controlado; página e feed dizem 'em estoque'";Lojista
41;Boina Arctic Wool Wolf Pads 152 mm Ventilada;https://brilhax.com/produtos/boina-arctic-wool-152mm-ventilado;Confirmar (suspeita);"Preço menor que a versão 133 mm; confirmar tabela";Lojista
41;Boina Arctic Wool Wolf Pads 152 mm Ventilada;https://brilhax.com/produtos/boina-arctic-wool-152mm-ventilado;Dado indisponível;"GTIN (fabricante não publicou; se não existir, declarar ausência com MPN = código WP)";Fornecedor/fabricante
41;Boina Arctic Wool Wolf Pads 152 mm Ventilada;https://brilhax.com/produtos/boina-arctic-wool-152mm-ventilado;Dado indisponível;Peso e dimensões da embalagem de envio (nenhum item no feed tem shipping_weight);Lojista
41;Boina Arctic Wool Wolf Pads 152 mm Ventilada;https://brilhax.com/produtos/boina-arctic-wool-152mm-ventilado;Dado indisponível;"Controle de estoque: snapshot de 12/09 mostra estoque não controlado; página e feed dizem 'em estoque'";Lojista
42;Boina Arctic Wool Wolf Pads 152 mm com Interface;https://brilhax.com/produtos/boina-arctic-wool-c-interface-de-espuma-152mm-6pol-ventilado;Dado indisponível;"GTIN (fabricante não publicou; se não existir, declarar ausência com MPN = código WP)";Fornecedor/fabricante
42;Boina Arctic Wool Wolf Pads 152 mm com Interface;https://brilhax.com/produtos/boina-arctic-wool-c-interface-de-espuma-152mm-6pol-ventilado;Dado indisponível;Peso e dimensões da embalagem de envio (nenhum item no feed tem shipping_weight);Lojista
42;Boina Arctic Wool Wolf Pads 152 mm com Interface;https://brilhax.com/produtos/boina-arctic-wool-c-interface-de-espuma-152mm-6pol-ventilado;Dado indisponível;"Controle de estoque: snapshot de 12/09 mostra estoque não controlado; página e feed dizem 'em estoque'";Lojista
43;Boina Golden Wool Wolf Pads 133 mm Ventilada;https://brilhax.com/produtos/boina-golden-wool-133mm-ventilado;Dado indisponível;Peso e dimensões da embalagem de envio (nenhum item no feed tem shipping_weight);Lojista
43;Boina Golden Wool Wolf Pads 133 mm Ventilada;https://brilhax.com/produtos/boina-golden-wool-133mm-ventilado;Dado indisponível;"Controle de estoque: snapshot de 12/09 mostra estoque não controlado; página e feed dizem 'em estoque'";Lojista
44;Boina Golden Wool Wolf Pads 133 mm com Interface;https://brilhax.com/produtos/boina-golden-wool-c-interface-de-espuma-133mm-5-25pol-ventilado;Dado indisponível;"GTIN (fabricante não publicou; se não existir, declarar ausência com MPN = código WP)";Fornecedor/fabricante
44;Boina Golden Wool Wolf Pads 133 mm com Interface;https://brilhax.com/produtos/boina-golden-wool-c-interface-de-espuma-133mm-5-25pol-ventilado;Dado indisponível;Peso e dimensões da embalagem de envio (nenhum item no feed tem shipping_weight);Lojista
44;Boina Golden Wool Wolf Pads 133 mm com Interface;https://brilhax.com/produtos/boina-golden-wool-c-interface-de-espuma-133mm-5-25pol-ventilado;Dado indisponível;"Controle de estoque: snapshot de 12/09 mostra estoque não controlado; página e feed dizem 'em estoque'";Lojista
45;Boina Golden Wool Wolf Pads 152 mm Ventilada;https://brilhax.com/produtos/boina-golden-wool-152mm-ventilado;Dado indisponível;"GTIN (fabricante não publicou; se não existir, declarar ausência com MPN = código WP)";Fornecedor/fabricante
45;Boina Golden Wool Wolf Pads 152 mm Ventilada;https://brilhax.com/produtos/boina-golden-wool-152mm-ventilado;Dado indisponível;Peso e dimensões da embalagem de envio (nenhum item no feed tem shipping_weight);Lojista
45;Boina Golden Wool Wolf Pads 152 mm Ventilada;https://brilhax.com/produtos/boina-golden-wool-152mm-ventilado;Dado indisponível;"Controle de estoque: snapshot de 12/09 mostra estoque não controlado; página e feed dizem 'em estoque'";Lojista
46;Boina Golden Wool Wolf Pads 152 mm com Interface;https://brilhax.com/produtos/boina-golden-wool-c-interface-de-espuma-152mm-6pol-ventilado;Dado indisponível;"GTIN (fabricante não publicou; se não existir, declarar ausência com MPN = código WP)";Fornecedor/fabricante
46;Boina Golden Wool Wolf Pads 152 mm com Interface;https://brilhax.com/produtos/boina-golden-wool-c-interface-de-espuma-152mm-6pol-ventilado;Dado indisponível;Peso e dimensões da embalagem de envio (nenhum item no feed tem shipping_weight);Lojista
46;Boina Golden Wool Wolf Pads 152 mm com Interface;https://brilhax.com/produtos/boina-golden-wool-c-interface-de-espuma-152mm-6pol-ventilado;Dado indisponível;"Controle de estoque: snapshot de 12/09 mostra estoque não controlado; página e feed dizem 'em estoque'";Lojista
47;Boina Micro Wolf Wolf Pads 133 mm Ventilada;https://brilhax.com/produtos/boina-micro-wolf-133mm-5-25pol-ventilado;Confirmar (suspeita);A foto mostra camada laranja entre a microfibra e o velcro (aparência de interface de espuma), mas ficha e título não mencionam interface;Lojista
47;Boina Micro Wolf Wolf Pads 133 mm Ventilada;https://brilhax.com/produtos/boina-micro-wolf-133mm-5-25pol-ventilado;Dado indisponível;"GTIN (fabricante não publicou; se não existir, declarar ausência com MPN = código WP)";Fornecedor/fabricante
47;Boina Micro Wolf Wolf Pads 133 mm Ventilada;https://brilhax.com/produtos/boina-micro-wolf-133mm-5-25pol-ventilado;Dado indisponível;Peso e dimensões da embalagem de envio (nenhum item no feed tem shipping_weight);Lojista
47;Boina Micro Wolf Wolf Pads 133 mm Ventilada;https://brilhax.com/produtos/boina-micro-wolf-133mm-5-25pol-ventilado;Dado indisponível;"Controle de estoque: snapshot de 12/09 mostra estoque não controlado; página e feed dizem 'em estoque'";Lojista
48;Boina Micro Wolf Wolf Pads 152 mm Ventilada;https://brilhax.com/produtos/boina-micro-wolf-152mm-6pol-ventilado;Confirmar (suspeita);"Ficha diz 'com interface' / 'Interface: Espuma', mas o título e a versão 133 mm não; confirmar com a Wolf Pads";Fornecedor/fabricante
48;Boina Micro Wolf Wolf Pads 152 mm Ventilada;https://brilhax.com/produtos/boina-micro-wolf-152mm-6pol-ventilado;Dado indisponível;"GTIN (fabricante não publicou; se não existir, declarar ausência com MPN = código WP)";Fornecedor/fabricante
48;Boina Micro Wolf Wolf Pads 152 mm Ventilada;https://brilhax.com/produtos/boina-micro-wolf-152mm-6pol-ventilado;Dado indisponível;Peso e dimensões da embalagem de envio (nenhum item no feed tem shipping_weight);Lojista
48;Boina Micro Wolf Wolf Pads 152 mm Ventilada;https://brilhax.com/produtos/boina-micro-wolf-152mm-6pol-ventilado;Dado indisponível;"Controle de estoque: snapshot de 12/09 mostra estoque não controlado; página e feed dizem 'em estoque'";Lojista
49;Boina de Espuma Celeste Medium Wolf Pads 133 mm;https://brilhax.com/produtos/espuma-celeste-medium-azul-foam-pads-133mm-5-25pol-ventilado;Dado indisponível;"GTIN (fabricante não publicou; se não existir, declarar ausência com MPN = código WP)";Fornecedor/fabricante
49;Boina de Espuma Celeste Medium Wolf Pads 133 mm;https://brilhax.com/produtos/espuma-celeste-medium-azul-foam-pads-133mm-5-25pol-ventilado;Dado indisponível;Peso e dimensões da embalagem de envio (nenhum item no feed tem shipping_weight);Lojista
49;Boina de Espuma Celeste Medium Wolf Pads 133 mm;https://brilhax.com/produtos/espuma-celeste-medium-azul-foam-pads-133mm-5-25pol-ventilado;Dado indisponível;"Controle de estoque: snapshot de 12/09 mostra estoque não controlado; página e feed dizem 'em estoque'";Lojista
50;Boina de Espuma Celeste Medium Wolf Pads 152 mm;https://brilhax.com/produtos/espuma-celeste-medium-azul-pads-152mm-6pol-ventilado;Dado indisponível;"GTIN (fabricante não publicou; se não existir, declarar ausência com MPN = código WP)";Fornecedor/fabricante
50;Boina de Espuma Celeste Medium Wolf Pads 152 mm;https://brilhax.com/produtos/espuma-celeste-medium-azul-pads-152mm-6pol-ventilado;Dado indisponível;Peso e dimensões da embalagem de envio (nenhum item no feed tem shipping_weight);Lojista
50;Boina de Espuma Celeste Medium Wolf Pads 152 mm;https://brilhax.com/produtos/espuma-celeste-medium-azul-pads-152mm-6pol-ventilado;Dado indisponível;"Controle de estoque: snapshot de 12/09 mostra estoque não controlado; página e feed dizem 'em estoque'";Lojista
51;Boina de Espuma Laranja One Step Wolf Pads 133 mm;https://brilhax.com/produtos/espuma-laranja-one-step-foan-pads-133mm-5-25pol-ventilado;Confirmar (suspeita);"Slug com erro de digitação ('foan'); renomear só com 301";Lojista
51;Boina de Espuma Laranja One Step Wolf Pads 133 mm;https://brilhax.com/produtos/espuma-laranja-one-step-foan-pads-133mm-5-25pol-ventilado;Dado indisponível;"GTIN (fabricante não publicou; se não existir, declarar ausência com MPN = código WP)";Fornecedor/fabricante
51;Boina de Espuma Laranja One Step Wolf Pads 133 mm;https://brilhax.com/produtos/espuma-laranja-one-step-foan-pads-133mm-5-25pol-ventilado;Dado indisponível;Peso e dimensões da embalagem de envio (nenhum item no feed tem shipping_weight);Lojista
51;Boina de Espuma Laranja One Step Wolf Pads 133 mm;https://brilhax.com/produtos/espuma-laranja-one-step-foan-pads-133mm-5-25pol-ventilado;Dado indisponível;"Controle de estoque: snapshot de 12/09 mostra estoque não controlado; página e feed dizem 'em estoque'";Lojista
52;Boina de Espuma Laranja One Step Wolf Pads 152 mm;https://brilhax.com/produtos/espuma-laranja-one-step-pad-152mm-6pol-ventilado;Dado indisponível;"GTIN (fabricante não publicou; se não existir, declarar ausência com MPN = código WP)";Fornecedor/fabricante
52;Boina de Espuma Laranja One Step Wolf Pads 152 mm;https://brilhax.com/produtos/espuma-laranja-one-step-pad-152mm-6pol-ventilado;Dado indisponível;Peso e dimensões da embalagem de envio (nenhum item no feed tem shipping_weight);Lojista
52;Boina de Espuma Laranja One Step Wolf Pads 152 mm;https://brilhax.com/produtos/espuma-laranja-one-step-pad-152mm-6pol-ventilado;Dado indisponível;"Controle de estoque: snapshot de 12/09 mostra estoque não controlado; página e feed dizem 'em estoque'";Lojista
53;Boina de Espuma Preta Soft Wolf Pads 133 mm;https://brilhax.com/produtos/espuma-preta-soft-foam-pads-133mm-5-25pol-ventilado;Dado indisponível;"GTIN (fabricante não publicou; se não existir, declarar ausência com MPN = código WP)";Fornecedor/fabricante
53;Boina de Espuma Preta Soft Wolf Pads 133 mm;https://brilhax.com/produtos/espuma-preta-soft-foam-pads-133mm-5-25pol-ventilado;Dado indisponível;Peso e dimensões da embalagem de envio (nenhum item no feed tem shipping_weight);Lojista
53;Boina de Espuma Preta Soft Wolf Pads 133 mm;https://brilhax.com/produtos/espuma-preta-soft-foam-pads-133mm-5-25pol-ventilado;Dado indisponível;"Controle de estoque: snapshot de 12/09 mostra estoque não controlado; página e feed dizem 'em estoque'";Lojista
54;Boina de Espuma Preta Soft Wolf Pads 152 mm;https://brilhax.com/produtos/espuma-preta-soft-pad-152mm-6pol-ventilado;Dado indisponível;"GTIN (fabricante não publicou; se não existir, declarar ausência com MPN = código WP)";Fornecedor/fabricante
54;Boina de Espuma Preta Soft Wolf Pads 152 mm;https://brilhax.com/produtos/espuma-preta-soft-pad-152mm-6pol-ventilado;Dado indisponível;Peso e dimensões da embalagem de envio (nenhum item no feed tem shipping_weight);Lojista
54;Boina de Espuma Preta Soft Wolf Pads 152 mm;https://brilhax.com/produtos/espuma-preta-soft-pad-152mm-6pol-ventilado;Dado indisponível;"Controle de estoque: snapshot de 12/09 mostra estoque não controlado; página e feed dizem 'em estoque'";Lojista
55;Makker 2.0 Vonixx Maquiador Automotivo 500 ml;https://brilhax.com/produtos/makker-500ml;Dado indisponível;Peso e dimensões da embalagem de envio (nenhum item no feed tem shipping_weight);Lojista
55;Makker 2.0 Vonixx Maquiador Automotivo 500 ml;https://brilhax.com/produtos/makker-500ml;Dado indisponível;"Controle de estoque: snapshot de 12/09 mostra estoque não controlado; página e feed dizem 'em estoque'";Lojista
56;Massa de Polir Vintex 1,8 kg;https://brilhax.com/produtos/massa-de-polir-vintex-1-8k;Confirmar (suspeita);"Principal tem grafismos de moldura nos cantos (azul-marinho); o Google pede imagem sem borda";Lojista
56;Massa de Polir Vintex 1,8 kg;https://brilhax.com/produtos/massa-de-polir-vintex-1-8k;Dado indisponível;Peso e dimensões da embalagem de envio (nenhum item no feed tem shipping_weight);Lojista
56;Massa de Polir Vintex 1,8 kg;https://brilhax.com/produtos/massa-de-polir-vintex-1-8k;Dado indisponível;"Controle de estoque: snapshot de 12/09 mostra estoque não controlado; página e feed dizem 'em estoque'";Lojista
57;Massa de Polir Vintex 500 ml;https://brilhax.com/produtos/massa-de-polir-vintex-500ml;Dado indisponível;Peso e dimensões da embalagem de envio (nenhum item no feed tem shipping_weight);Lojista
57;Massa de Polir Vintex 500 ml;https://brilhax.com/produtos/massa-de-polir-vintex-500ml;Dado indisponível;"Controle de estoque: snapshot de 12/09 mostra estoque não controlado; página e feed dizem 'em estoque'";Lojista
58;Revelax Vonixx Revelador de Hologramas 500 ml;https://brilhax.com/produtos/revelax-revelador-de-hologramas-surface-vonixx;Confirmar (suspeita);Shopee proíbe álcool isopropílico na lista de restritos — confirmar;Lojista
58;Revelax Vonixx Revelador de Hologramas 500 ml;https://brilhax.com/produtos/revelax-revelador-de-hologramas-surface-vonixx;Confirmar (suspeita);"Adicionais 2–3 fotografadas em prateleira de outra loja; confirmar direito de uso";Lojista
58;Revelax Vonixx Revelador de Hologramas 500 ml;https://brilhax.com/produtos/revelax-revelador-de-hologramas-surface-vonixx;Dado indisponível;Peso e dimensões da embalagem de envio (nenhum item no feed tem shipping_weight);Lojista
58;Revelax Vonixx Revelador de Hologramas 500 ml;https://brilhax.com/produtos/revelax-revelador-de-hologramas-surface-vonixx;Dado indisponível;"Controle de estoque: snapshot de 12/09 mostra estoque não controlado; página e feed dizem 'em estoque'";Lojista
59;V40 Vonixx Polidor 4 em 1 500 ml;https://brilhax.com/produtos/v40-4em1-500ml;Dado indisponível;Peso e dimensões da embalagem de envio (nenhum item no feed tem shipping_weight);Lojista
59;V40 Vonixx Polidor 4 em 1 500 ml;https://brilhax.com/produtos/v40-4em1-500ml;Dado indisponível;"Controle de estoque: snapshot de 12/09 mostra estoque não controlado; página e feed dizem 'em estoque'";Lojista
60;Moto-V Vonixx Shampoo para Motos 500 ml;https://brilhax.com/produtos/moto-v-lava-motos-500ml;Dado indisponível;Peso e dimensões da embalagem de envio (nenhum item no feed tem shipping_weight);Lojista
60;Moto-V Vonixx Shampoo para Motos 500 ml;https://brilhax.com/produtos/moto-v-lava-motos-500ml;Dado indisponível;"Controle de estoque: snapshot de 12/09 mostra estoque não controlado; página e feed dizem 'em estoque'";Lojista
61;Blend Cleaner Wax Vonixx 500 ml — Cera Limpadora 3 em 1;https://brilhax.com/produtos/cera-blend-cleaner-carnauba;Dado indisponível;GTIN;Fornecedor/fabricante
61;Blend Cleaner Wax Vonixx 500 ml — Cera Limpadora 3 em 1;https://brilhax.com/produtos/cera-blend-cleaner-carnauba;Dado indisponível;Peso e dimensões da embalagem de envio (nenhum item no feed tem shipping_weight);Lojista
61;Blend Cleaner Wax Vonixx 500 ml — Cera Limpadora 3 em 1;https://brilhax.com/produtos/cera-blend-cleaner-carnauba;Dado indisponível;"Controle de estoque: snapshot de 12/09 mostra estoque não controlado; página e feed dizem 'em estoque'";Lojista
62;Blend Spray Wax Black Edition Vonixx 500 ml;https://brilhax.com/produtos/blende-blck-500ml;Confirmar (suspeita);"Slug com erros ('blende-blck'); renomear só com 301";Lojista
62;Blend Spray Wax Black Edition Vonixx 500 ml;https://brilhax.com/produtos/blende-blck-500ml;Dado indisponível;Peso e dimensões da embalagem de envio (nenhum item no feed tem shipping_weight);Lojista
62;Blend Spray Wax Black Edition Vonixx 500 ml;https://brilhax.com/produtos/blende-blck-500ml;Dado indisponível;"Controle de estoque: snapshot de 12/09 mostra estoque não controlado; página e feed dizem 'em estoque'";Lojista
63;Blend Spray Wax Vonixx 500 ml — SiO₂ e Carnaúba;https://brilhax.com/produtos/blend-spray-500ml;Dado indisponível;Peso e dimensões da embalagem de envio (nenhum item no feed tem shipping_weight);Lojista
63;Blend Spray Wax Vonixx 500 ml — SiO₂ e Carnaúba;https://brilhax.com/produtos/blend-spray-500ml;Dado indisponível;"Controle de estoque: snapshot de 12/09 mostra estoque não controlado; página e feed dizem 'em estoque'";Lojista
64;Carnaúba Hybrid Wax Vonixx 240 ml;https://brilhax.com/produtos/carnauba-hybrid-wax-240ml;Dado indisponível;Peso e dimensões da embalagem de envio (nenhum item no feed tem shipping_weight);Lojista
64;Carnaúba Hybrid Wax Vonixx 240 ml;https://brilhax.com/produtos/carnauba-hybrid-wax-240ml;Dado indisponível;"Controle de estoque: snapshot de 12/09 mostra estoque não controlado; página e feed dizem 'em estoque'";Lojista
65;Carnaúba Plus Vonixx Cleaner Wax 500 ml;https://brilhax.com/produtos/plus-cera-carnauba-de-limpeza-cleaner-waz-500ml;Confirmar (suspeita);"Slug com erro ('cleaner-waz'); renomear só com 301";Lojista
65;Carnaúba Plus Vonixx Cleaner Wax 500 ml;https://brilhax.com/produtos/plus-cera-carnauba-de-limpeza-cleaner-waz-500ml;Dado indisponível;Peso e dimensões da embalagem de envio (nenhum item no feed tem shipping_weight);Lojista
65;Carnaúba Plus Vonixx Cleaner Wax 500 ml;https://brilhax.com/produtos/plus-cera-carnauba-de-limpeza-cleaner-waz-500ml;Dado indisponível;"Controle de estoque: snapshot de 12/09 mostra estoque não controlado; página e feed dizem 'em estoque'";Lojista
66;Carnaúba Tok Final Vonixx 500 ml;https://brilhax.com/produtos/carnauba-tok-final-500ml;Dado indisponível;Peso e dimensões da embalagem de envio (nenhum item no feed tem shipping_weight);Lojista
66;Carnaúba Tok Final Vonixx 500 ml;https://brilhax.com/produtos/carnauba-tok-final-500ml;Dado indisponível;"Controle de estoque: snapshot de 12/09 mostra estoque não controlado; página e feed dizem 'em estoque'";Lojista
67;Darker Vintex Preteador de Pneus 500 ml;https://brilhax.com/produtos/darker-500ml;Dado indisponível;Peso e dimensões da embalagem de envio (nenhum item no feed tem shipping_weight);Lojista
67;Darker Vintex Preteador de Pneus 500 ml;https://brilhax.com/produtos/darker-500ml;Dado indisponível;"Controle de estoque: snapshot de 12/09 mostra estoque não controlado; página e feed dizem 'em estoque'";Lojista
68;Glazy Anti-Fog Vonixx 500 ml;https://brilhax.com/produtos/glazy-anti-fog-500ml;Confirmar (suspeita);Contém isopropanol: confirmar classe de transporte e restrição da Shopee;Lojista
68;Glazy Anti-Fog Vonixx 500 ml;https://brilhax.com/produtos/glazy-anti-fog-500ml;Confirmar (suspeita);"Categoria 'Proteção' para um limpador de vidros antiembaçante; avaliar 'Lavagem'";Lojista
68;Glazy Anti-Fog Vonixx 500 ml;https://brilhax.com/produtos/glazy-anti-fog-500ml;Dado indisponível;GTIN;Fornecedor/fabricante
68;Glazy Anti-Fog Vonixx 500 ml;https://brilhax.com/produtos/glazy-anti-fog-500ml;Dado indisponível;Peso e dimensões da embalagem de envio (nenhum item no feed tem shipping_weight);Lojista
68;Glazy Anti-Fog Vonixx 500 ml;https://brilhax.com/produtos/glazy-anti-fog-500ml;Dado indisponível;"Controle de estoque: snapshot de 12/09 mostra estoque não controlado; página e feed dizem 'em estoque'";Lojista
69;Hidracouro Vonixx Condicionador de Couro 500 ml;https://brilhax.com/produtos/hidracouro-500ml;Dado indisponível;Peso e dimensões da embalagem de envio (nenhum item no feed tem shipping_weight);Lojista
69;Hidracouro Vonixx Condicionador de Couro 500 ml;https://brilhax.com/produtos/hidracouro-500ml;Dado indisponível;"Controle de estoque: snapshot de 12/09 mostra estoque não controlado; página e feed dizem 'em estoque'";Lojista
70;Hydrox Fast Vonixx Coating Hidrorreativo 500 ml;https://brilhax.com/produtos/hydrox-fast-500ml-vonix;Dado indisponível;Peso e dimensões da embalagem de envio (nenhum item no feed tem shipping_weight);Lojista
70;Hydrox Fast Vonixx Coating Hidrorreativo 500 ml;https://brilhax.com/produtos/hydrox-fast-500ml-vonix;Dado indisponível;"Controle de estoque: snapshot de 12/09 mostra estoque não controlado; página e feed dizem 'em estoque'";Lojista
71;Intense Vonixx Renovador de Plásticos Internos 500 ml;https://brilhax.com/produtos/intense-500ml;Dado indisponível;Peso e dimensões da embalagem de envio (nenhum item no feed tem shipping_weight);Lojista
71;Intense Vonixx Renovador de Plásticos Internos 500 ml;https://brilhax.com/produtos/intense-500ml;Dado indisponível;"Controle de estoque: snapshot de 12/09 mostra estoque não controlado; página e feed dizem 'em estoque'";Lojista
72;Rejuvex Vintex Revitalizador de Plásticos Externos 400 g;https://brilhax.com/produtos/rejuvex-400g;Dado indisponível;Peso e dimensões da embalagem de envio (nenhum item no feed tem shipping_weight);Lojista
72;Rejuvex Vintex Revitalizador de Plásticos Externos 400 g;https://brilhax.com/produtos/rejuvex-400g;Dado indisponível;"Controle de estoque: snapshot de 12/09 mostra estoque não controlado; página e feed dizem 'em estoque'";Lojista
73;Restaurax Vonixx Restaurador de Plásticos 1,5 L;https://brilhax.com/produtos/restaurax-1-5l;Dado indisponível;Peso e dimensões da embalagem de envio (nenhum item no feed tem shipping_weight);Lojista
73;Restaurax Vonixx Restaurador de Plásticos 1,5 L;https://brilhax.com/produtos/restaurax-1-5l;Dado indisponível;"Controle de estoque: snapshot de 12/09 mostra estoque não controlado; página e feed dizem 'em estoque'";Lojista
74;Restaurax Vonixx Restaurador de Plásticos 500 ml;https://brilhax.com/produtos/restaurax-500ml;Dado indisponível;Peso e dimensões da embalagem de envio (nenhum item no feed tem shipping_weight);Lojista
74;Restaurax Vonixx Restaurador de Plásticos 500 ml;https://brilhax.com/produtos/restaurax-500ml;Dado indisponível;"Controle de estoque: snapshot de 12/09 mostra estoque não controlado; página e feed dizem 'em estoque'";Lojista
75;Revox Vonixx Selante para Pneus 500 ml;https://brilhax.com/produtos/revox-selante-sintetico-para-pneus-500ml-vonixx;Dado indisponível;Peso e dimensões da embalagem de envio (nenhum item no feed tem shipping_weight);Lojista
75;Revox Vonixx Selante para Pneus 500 ml;https://brilhax.com/produtos/revox-selante-sintetico-para-pneus-500ml-vonixx;Dado indisponível;"Controle de estoque: snapshot de 12/09 mostra estoque não controlado; página e feed dizem 'em estoque'";Lojista
76;Sinergy Paint Vonixx Coating Spray 500 ml;https://brilhax.com/produtos/sinergy-vonixx-500ml;Dado indisponível;Peso e dimensões da embalagem de envio (nenhum item no feed tem shipping_weight);Lojista
76;Sinergy Paint Vonixx Coating Spray 500 ml;https://brilhax.com/produtos/sinergy-vonixx-500ml;Dado indisponível;"Controle de estoque: snapshot de 12/09 mostra estoque não controlado; página e feed dizem 'em estoque'";Lojista
77;Tryon Vonixx Condicionador de Plásticos 3 em 1 500 ml;https://brilhax.com/produtos/tryon-finalizador-restaurador-de-plastico-3-em-1;Dado indisponível;GTIN;Fornecedor/fabricante
77;Tryon Vonixx Condicionador de Plásticos 3 em 1 500 ml;https://brilhax.com/produtos/tryon-finalizador-restaurador-de-plastico-3-em-1;Dado indisponível;Peso e dimensões da embalagem de envio (nenhum item no feed tem shipping_weight);Lojista
77;Tryon Vonixx Condicionador de Plásticos 3 em 1 500 ml;https://brilhax.com/produtos/tryon-finalizador-restaurador-de-plastico-3-em-1;Dado indisponível;"Controle de estoque: snapshot de 12/09 mostra estoque não controlado; página e feed dizem 'em estoque'";Lojista
78;V80 Vonixx Selante Sintético 240 ml;https://brilhax.com/produtos/selante-sintetico-v-80-vonixx-240ml;Dado indisponível;Peso e dimensões da embalagem de envio (nenhum item no feed tem shipping_weight);Lojista
78;V80 Vonixx Selante Sintético 240 ml;https://brilhax.com/produtos/selante-sintetico-v-80-vonixx-240ml;Dado indisponível;"Controle de estoque: snapshot de 12/09 mostra estoque não controlado; página e feed dizem 'em estoque'";Lojista
79;SiO2-Pro Vonixx Selante de Manutenção 500 ml;https://brilhax.com/produtos/sio2-vonixx-500ml;Dado indisponível;Peso e dimensões da embalagem de envio (nenhum item no feed tem shipping_weight);Lojista
79;SiO2-Pro Vonixx Selante de Manutenção 500 ml;https://brilhax.com/produtos/sio2-vonixx-500ml;Dado indisponível;"Controle de estoque: snapshot de 12/09 mostra estoque não controlado; página e feed dizem 'em estoque'";Lojista
2;Aplicador para Pneus Vintex — Pacote com 2 Unidades;https://brilhax.com/produtos/aplicador-esp-pct-2und-2;Confirmar (suspeita);As 3 fotos mostram 1 aplicador, e o título diz pacote com 2 unidades. Conferir o que é entregue e, se for pacote, incluir foto do pacote;Lojista
8;AROMINHA CARRO NOVO SCENT;https://brilhax.com/produtos/arominha-carro-novo-scent;Confirmar (suspeita);"O rótulo nas fotos mostra a marca 'aromas city' e 100 ml; confirmar se é a marca a cadastrar";Lojista
16;Delet Vonixx Limpador de Pneus e Borrachas 5 L;https://brilhax.com/produtos/delet-vonixx-5l;Foto (confirmado);"Foto principal gerada ou redesenhada, com texto de rótulo ilegível e errado ('LIMPA PEHUS E BORRACHAS'); substituir pela foto oficial da Vonixx";Lojista
18;Extractus Vonixx Limpador de Estofados 1 L;https://brilhax.com/produtos/extractus-desengraxante;Foto (confirmado);"Foto principal gerada ou redesenhada, com nome errado no rótulo ('EXRACTUS') e texto sem sentido ('PIRAS LAVAGEM EXTRATORAS… INMUNDEZAL'); substituir pela foto oficial da Vonixx";Lojista
18;Extractus Vonixx Limpador de Estofados 1 L;https://brilhax.com/produtos/extractus-desengraxante;Foto (confirmado);"Imagem adicional 4 com trechos de texto apagados a borrão; remover";Lojista
30;Strike Vonixx Removedor de Piche e Cola 1,5 L;https://brilhax.com/produtos/strike-1-5l;Confirmar (suspeita);"Imagem adicional 1 é arte de rede social ('Mais um pedido realizado'); confirmar se é arte oficial Vonixx antes de manter";Lojista
33;V-Floc Vonixx Shampoo Concentrado 1,5 L;https://brilhax.com/produtos/shampoo-v-floc-1-5l-vonixx;Foto (confirmado);"Imagem adicional 2 com etiqueta 'Vonixx Mossoró' e moldura azul de outra loja; remover";Lojista
33;V-Floc Vonixx Shampoo Concentrado 1,5 L;https://brilhax.com/produtos/shampoo-v-floc-1-5l-vonixx;Foto (confirmado);"Imagem adicional 3 com selo 'E' de outra loja no canto; remover";Lojista
67;Darker Vintex Preteador de Pneus 500 ml;https://brilhax.com/produtos/darker-500ml;Confirmar (suspeita);"Imagem adicional 2 (420 px) tem faixa 'DARKER 500ML - VINTEX' e um selo circular '3' de origem desconhecida; confirmar a origem ou remover";Lojista
70;Hydrox Fast Vonixx Coating Hidrorreativo 500 ml;https://brilhax.com/produtos/hydrox-fast-500ml-vonix;Foto (confirmado);"Foto principal gerada ou redesenhada, com texto de rótulo errado ('EFFETTO IDROFOBICO', 'Psicó automático'); substituir pela adicional 1, que é a embalagem oficial";Lojista
71;Intense Vonixx Renovador de Plásticos Internos 500 ml;https://brilhax.com/produtos/intense-500ml;Foto (confirmado);"Imagem adicional 1 com logo de outra loja no canto superior direito; remover";Lojista
71;Intense Vonixx Renovador de Plásticos Internos 500 ml;https://brilhax.com/produtos/intense-500ml;Foto (confirmado);"Imagem adicional 2 com marca d'água '@POLIBOX' (perfil de outra loja); remover";Lojista
75;Revox Vonixx Selante para Pneus 500 ml;https://brilhax.com/produtos/revox-selante-sintetico-para-pneus-500ml-vonixx;Foto (confirmado);"Foto principal gerada ou redesenhada, com nome errado no rótulo ('REYOX') e texto de rótulo sem sentido; substituir pela adicional 2, que é a embalagem oficial";Lojista
76;Sinergy Paint Vonixx Coating Spray 500 ml;https://brilhax.com/produtos/sinergy-vonixx-500ml;Foto (confirmado);"Foto principal gerada ou redesenhada, com nome errado no rótulo ('SNERGY') e texto ilegível; substituir pela embalagem oficial";Lojista
77;Tryon Vonixx Condicionador de Plásticos 3 em 1 500 ml;https://brilhax.com/produtos/tryon-finalizador-restaurador-de-plastico-3-em-1;Foto (confirmado);"Foto principal gerada ou redesenhada, com texto de outro produto no rótulo ('Repele a água', 'Brilho pneus'); substituir pela adicional 1, que é a embalagem oficial";Lojista
79;SiO2-Pro Vonixx Selante de Manutenção 500 ml;https://brilhax.com/produtos/sio2-vonixx-500ml;Foto (confirmado);"Foto principal gerada ou redesenhada, com texto errado no rótulo ('BILHO INTENS', 'PROTECCO DURADOURA'); substituir pela embalagem oficial";Lojista
56;Massa de Polir Vintex 1,8 kg;https://brilhax.com/produtos/massa-de-polir-vintex-1-8k;Foto (confirmado);"Foto principal com etiqueta 'Vonixx Mossoró' e moldura azul de outra loja (mesmo modelo da adicional 2 do V-Floc 1,5 L); substituir pela embalagem sem marca de terceiros";Lojista
