slug;sku;gtin;categoria;statusOrigemMedusa;statusAtual;motivoInativo;precoCentavos;precoValido;estoque;disponibilidade;imagens;imagemUtilizavel;noFeed;motivoForaDoFeed;noSitemapAntigo;indexadoNoGoogle
acidus-fast-500ml;7898511024485;7898511024485;lavagem;published;ativo;;4200;true;;in_stock;1;true;true;;true;nao verificado
acitrox;00120;;lavagem;draft/ausente;inativo;sem preco cadastrado;0;false;;in_stock;0;false;false;inativo;false;nao verificado
acitrox-5-l;00121;;lavagem;draft/ausente;inativo;sem preco cadastrado;0;false;;in_stock;0;false;false;inativo;false;nao verificado
altrox-1-5-l;00127;;lavagem;draft/ausente;inativo;sem preco cadastrado;0;false;;in_stock;0;false;false;inativo;false;nao verificado
altrox-5l;00128;;lavagem;draft/ausente;inativo;sem preco cadastrado;0;false;;in_stock;0;false;false;inativo;false;nao verificado
alumax-1-5l;00056;;lavagem;draft/ausente;inativo;sem preco cadastrado;0;false;;in_stock;0;false;false;inativo;false;nao verificado
alumax-5l;00059;;lavagem;draft/ausente;inativo;sem preco cadastrado;0;false;;in_stock;0;false;false;inativo;false;nao verificado
alumax-concentrado-5l;JARBAS-26f95b5d;;lavagem;published;ativo;;6033;true;;in_stock;1;true;true;;true;nao verificado
alumax-limpador-de-aluminio-e-carroceria-1-5l-vintex;JARBAS-83e5db8f;;lavagem;published;ativo;;4975;true;;in_stock;1;true;true;;true;nao verificado
anti-deslizante-para-correias;00113;;acessorios;draft/ausente;inativo;sem preco cadastrado;0;false;;in_stock;0;false;false;inativo;false;nao verificado
aplicador-de-espuma-02-unidades;00066;;acessorios;draft/ausente;inativo;sem preco cadastrado;0;false;;in_stock;0;false;false;inativo;false;nao verificado
aplicador-esp-pct-2und;7898511020012;7898511020012;acessorios;published;inativo;sem preco cadastrado;0;false;;in_stock;1;true;false;inativo;true;nao verificado
aplicador-esp-pct-2und-2;7898511032855;7898511032855;acessorios;published;ativo;;2239;true;;in_stock;2;true;true;;true;nao verificado
aplicador-microfibra-c-encaixe-de-mao;7898511034255;7898511034255;acessorios;published;ativo;;2128;true;;in_stock;2;true;true;;true;nao verificado
aplicador-produtos-pneu-vintex-2-uni;00087;;acessorios;draft/ausente;inativo;sem preco cadastrado;0;false;;in_stock;0;false;false;inativo;false;nao verificado
aroma-carro-novo;7898511020364;7898511020364;protecao;published;ativo;;2190;true;;in_stock;1;true;true;;true;nao verificado
aroma-carro-novo-vintex-1-5l;JARBAS-312af194;;protecao;published;ativo;;4299;true;;in_stock;1;true;true;;true;nao verificado
arominha-carro-novo-scent;JARBAS-b2c1d20e;;acessorios;published;ativo;;1500;true;;in_stock;4;true;true;;true;nao verificado
arominha-diversos-gel-wurth-60-g;00079;;protecao;draft/ausente;inativo;sem preco cadastrado;0;false;;in_stock;0;false;false;inativo;false;nao verificado
arominha-diversos-vintex-spray-60-ml;00078;;protecao;draft/ausente;inativo;sem preco cadastrado;0;false;;in_stock;0;false;false;inativo;false;nao verificado
arominha-em-gel-60g;00061;;protecao;draft/ausente;inativo;sem preco cadastrado;0;false;;in_stock;0;false;false;inativo;false;nao verificado
arominha-spray-200-ml;00131;;protecao;draft/ausente;inativo;sem preco cadastrado;0;false;;in_stock;0;false;false;inativo;false;nao verificado
blende-blck-500ml;7898511030837;7898511030837;protecao;published;ativo;;5480;true;;in_stock;3;true;true;;true;nao verificado
blend-spray-500ml;7898511027578;7898511027578;protecao;published;ativo;;5608;true;;in_stock;1;true;true;;true;nao verificado
boina-arctic-wool-133mm-ventilado;WP-501;;polimento;published;ativo;;5687;true;;in_stock;0;false;false;sem imagem (obrigatoria no Merchant);true;nao verificado
boina-arctic-wool-152mm-ventilado;WP-601;;polimento;published;ativo;;5639;true;;in_stock;0;false;false;sem imagem (obrigatoria no Merchant);true;nao verificado
boina-arctic-wool-c-interface-de-espuma-133mm-5-25pol-ventilado;WP-503;;polimento;published;ativo;;7005;true;;in_stock;0;false;false;sem imagem (obrigatoria no Merchant);true;nao verificado
boina-arctic-wool-c-interface-de-espuma-152mm-6pol-ventilado;WP-603;;polimento;published;ativo;;7470;true;;in_stock;0;false;false;sem imagem (obrigatoria no Merchant);true;nao verificado
boina-golden-wool-133mm-ventilado;WP-502;;polimento;published;ativo;;6251;true;;in_stock;0;false;false;sem imagem (obrigatoria no Merchant);true;nao verificado
boina-golden-wool-152mm-ventilado;WP-602;;polimento;published;ativo;;6344;true;;in_stock;0;false;false;sem imagem (obrigatoria no Merchant);true;nao verificado
boina-golden-wool-c-interface-de-espuma-133mm-5-25pol-ventilado;WP-504;;polimento;published;ativo;;7685;true;;in_stock;0;false;false;sem imagem (obrigatoria no Merchant);true;nao verificado
boina-golden-wool-c-interface-de-espuma-152mm-6pol-ventilado;WP-604;;polimento;published;ativo;;8298;true;;in_stock;0;false;false;sem imagem (obrigatoria no Merchant);true;nao verificado
boina-micro-wolf-133mm-5-25pol-ventilado;WP-505;;polimento;published;ativo;;7047;true;;in_stock;0;false;false;sem imagem (obrigatoria no Merchant);true;nao verificado
boina-micro-wolf-152mm-6pol-ventilado;WP-605;;polimento;published;ativo;;7470;true;;in_stock;0;false;false;sem imagem (obrigatoria no Merchant);true;nao verificado
canhao-de-espuma-bico-vermelho;7898671780030;7898671780030;lavagem;published;ativo;;24499;true;;in_stock;3;true;true;;true;nao verificado
carnauba-hybrid-wax-240ml;7898511027851;7898511027851;protecao;published;ativo;;7608;true;;in_stock;2;true;true;;true;nao verificado
carnauba-tok-final-500ml;7898511020166;7898511020166;protecao;published;ativo;;3193;true;;in_stock;1;true;true;;true;nao verificado
carpet;00147;;lavagem;draft/ausente;inativo;sem preco cadastrado;0;false;;in_stock;0;false;false;inativo;false;nao verificado
cera-blend-ceramic-e-carnauba-spray-wax-500ml;00028;;protecao;draft/ausente;inativo;sem preco cadastrado;0;false;;in_stock;0;false;false;inativo;false;nao verificado
cera-blend-cleaner-carnauba;JARBAS-4acb459c;;protecao;published;ativo;;7173;true;;in_stock;1;true;true;;true;nao verificado
cera-blend-cleaner-pasta-wax-500-ml;00024;;protecao;draft/ausente;inativo;sem preco cadastrado;0;false;;in_stock;0;false;false;inativo;false;nao verificado
cera-carnauba-plus-500ml;00014;;protecao;draft/ausente;inativo;rascunho no Medusa (tem preco);6976;true;;in_stock;0;false;false;inativo;false;nao verificado
cera-de-carnauba-blend-black;00027;;protecao;draft/ausente;inativo;sem preco cadastrado;0;false;;in_stock;0;false;false;inativo;false;nao verificado
cera-de-carnauba-blend-black-spray-500-ml;00084;;protecao;draft/ausente;inativo;sem preco cadastrado;0;false;;in_stock;0;false;false;inativo;false;nao verificado
cera-luster-500ml-vonixx;JARBAS-637cd4b5;;protecao;published;inativo;sem preco cadastrado;0;false;;in_stock;1;true;false;inativo;true;nao verificado
ciment-clean;00149;;lavagem;draft/ausente;inativo;sem preco cadastrado;0;false;;in_stock;0;false;false;inativo;false;nao verificado
darker-500ml;7898511039847;7898511039847;protecao;published;ativo;;3154;true;;in_stock;1;true;true;;true;nao verificado
delet-500ml;7898511034101;7898511034101;lavagem;published;ativo;;3342;true;;in_stock;1;true;true;;true;nao verificado
delet-5l;00060;;lavagem;draft/ausente;inativo;sem preco cadastrado;0;false;;in_stock;0;false;false;inativo;false;nao verificado
delet-vonixx-5l;7898511034286;7898511034286;lavagem;published;ativo;;12490;true;;in_stock;1;true;true;;true;nao verificado
desengraxante-1-40-solupan;00094;;lavagem;draft/ausente;inativo;sem preco cadastrado;0;false;;in_stock;0;false;false;inativo;false;nao verificado
desengraxante-1-40-solupan-20-l;00150;;lavagem;draft/ausente;inativo;sem preco cadastrado;0;false;;in_stock;0;false;false;inativo;false;nao verificado
desengraxante-1-40-solupan-50-l;00151;;lavagem;draft/ausente;inativo;sem preco cadastrado;0;false;;in_stock;0;false;false;inativo;false;nao verificado
desincrustante-acido-ativado;00092;;lavagem;draft/ausente;inativo;sem preco cadastrado;0;false;;in_stock;0;false;false;inativo;false;nao verificado
desincrustante-acido-ativado-20-l;00152;;lavagem;draft/ausente;inativo;sem preco cadastrado;0;false;;in_stock;0;false;false;inativo;false;nao verificado
desincrustante-acido-ativado-50l;00153;;lavagem;draft/ausente;inativo;sem preco cadastrado;0;false;;in_stock;0;false;false;inativo;false;nao verificado
detergente-com-cera;00093;;lavagem;draft/ausente;inativo;sem preco cadastrado;0;false;;in_stock;0;false;false;inativo;false;nao verificado
detergente-de-cera-1l;00109;;lavagem;draft/ausente;inativo;sem preco cadastrado;0;false;;in_stock;0;false;false;inativo;false;nao verificado
epoxi-titanio;00116;;acessorios;draft/ausente;inativo;sem preco cadastrado;0;false;;in_stock;0;false;false;inativo;false;nao verificado
escova-caixa-de-roda-cabo-curto-detailer;7898671780085;7898671780085;acessorios;published;ativo;;5160;true;;in_stock;7;true;true;;true;nao verificado
escova-grande-limpeza-de-roda;00074;;acessorios;draft/ausente;inativo;sem preco cadastrado;0;false;;in_stock;0;false;false;inativo;false;nao verificado
escova-grande-microfibra-angular-para-limpeza-de-roda-vonixx;7898511029282;7898511029282;acessorios;published;ativo;;9584;true;;in_stock;3;true;true;;true;nao verificado
escova-para-lavagem-de-pneus;7898671780016;7898671780016;lavagem;published;ativo;;3990;true;;in_stock;2;true;true;;true;nao verificado
escova-para-limpeza-caixa-de-roda;00073;;acessorios;draft/ausente;inativo;sem preco cadastrado;0;false;;in_stock;0;false;false;inativo;false;nao verificado
escova-para-limpeza-de-pneus-detailer;00072;;acessorios;draft/ausente;inativo;sem preco cadastrado;0;false;;in_stock;0;false;false;inativo;false;nao verificado
escova-para-limpeza-de-pneus-vonixx;00071;;acessorios;draft/ausente;inativo;sem preco cadastrado;0;false;;in_stock;0;false;false;inativo;false;nao verificado
espatulas-plastica-polipropileno-4;00164;;acessorios;draft/ausente;inativo;sem preco cadastrado;0;false;;in_stock;0;false;false;inativo;false;nao verificado
espatulas-plastica-polipropileno-5;00165;;acessorios;draft/ausente;inativo;sem preco cadastrado;0;false;;in_stock;0;false;false;inativo;false;nao verificado
espatulas-saca-grampos-unidade;00157;;acessorios;draft/ausente;inativo;sem preco cadastrado;0;false;;in_stock;0;false;false;inativo;false;nao verificado
espuma-celeste-medium-azul-foam-pads-133mm-5-25pol-ventilado;WP-507;;polimento;published;ativo;;6509;true;;in_stock;0;false;false;sem imagem (obrigatoria no Merchant);true;nao verificado
espuma-celeste-medium-azul-pads-152mm-6pol-ventilado;WP-607;;polimento;published;ativo;;7589;true;;in_stock;0;false;false;sem imagem (obrigatoria no Merchant);true;nao verificado
espuma-laranja-one-step-foan-pads-133mm-5-25pol-ventilado;WP-506;;polimento;published;ativo;;6509;true;;in_stock;0;false;false;sem imagem (obrigatoria no Merchant);true;nao verificado
espuma-laranja-one-step-pad-152mm-6pol-ventilado;WP-606;;polimento;published;ativo;;7589;true;;in_stock;0;false;false;sem imagem (obrigatoria no Merchant);true;nao verificado
espuma-preta-soft-foam-pads-133mm-5-25pol-ventilado;WP-508;;polimento;published;ativo;;6509;true;;in_stock;0;false;false;sem imagem (obrigatoria no Merchant);true;nao verificado
espuma-preta-soft-pad-152mm-6pol-ventilado;WP-608;;polimento;published;ativo;;7589;true;;in_stock;0;false;false;sem imagem (obrigatoria no Merchant);true;nao verificado
extractus-desengraxante;JARBAS-be8a1fcb;;lavagem;published;ativo;;4485;true;;in_stock;1;true;true;;true;nao verificado
ferrux;00135;;lavagem;draft/ausente;inativo;sem preco cadastrado;0;false;;in_stock;0;false;false;inativo;false;nao verificado
flexus-500ml;7898511028674;7898511028674;lavagem;published;ativo;;4427;true;;in_stock;1;true;true;;true;nao verificado
focus-240ml;7898511028841;7898511028841;protecao;published;ativo;;4653;true;;in_stock;1;true;true;;true;nao verificado
glass-pro;00134;;lavagem;draft/ausente;inativo;sem preco cadastrado;0;false;;in_stock;0;false;false;inativo;false;nao verificado
glazy-500ml;7898511028650;7898511028650;protecao;published;ativo;;3995;true;;in_stock;1;true;true;;true;nao verificado
glazy-anti-fog-500ml;JARBAS-bbb73911;;protecao;published;ativo;;4814;true;;in_stock;2;true;true;;true;nao verificado
hidracouro-500ml;7898511020159;7898511020159;protecao;published;ativo;;4828;true;;in_stock;2;true;true;;true;nao verificado
hidralex-500-ml;00141;;protecao;draft/ausente;inativo;sem preco cadastrado;0;false;;in_stock;0;false;false;inativo;false;nao verificado
higicouro-500ml;7898511020890;7898511020890;lavagem;published;ativo;;3018;true;;in_stock;2;true;true;;true;nao verificado
ht7-1-5-l;00130;;lavagem;draft/ausente;inativo;sem preco cadastrado;0;false;;in_stock;0;false;false;inativo;false;nao verificado
ht7-500-ml;00129;;lavagem;draft/ausente;inativo;sem preco cadastrado;0;false;;in_stock;0;false;false;inativo;false;nao verificado
hydro-blend;00136;;protecao;draft/ausente;inativo;sem preco cadastrado;0;false;;in_stock;0;false;false;inativo;false;nao verificado
hydrox-fast-500ml-vonix;JARBAS-90cb0c6e;;lavagem;published;ativo;;5355;true;;in_stock;1;true;true;;true;nao verificado
impact-1-5l;7898511030806;7898511030806;lavagem;published;ativo;;3750;true;;in_stock;2;true;true;;true;nao verificado
intense-500ml;7898511030134;7898511030134;protecao;published;ativo;;3835;true;;in_stock;2;true;true;;true;nao verificado
izer-500ml;7898511028094;7898511028094;protecao;published;ativo;;3928;true;;in_stock;1;true;true;;true;nao verificado
jogo-4-espatulas-saca-grampos;00156;;acessorios;draft/ausente;inativo;sem preco cadastrado;0;false;;in_stock;0;false;false;inativo;false;nao verificado
kit-alicate-para-instalacao-de-gaxetas-hidraulica;JARBAS-ad4f70f0;;kits-completos;published;inativo;sem preco cadastrado;0;false;;in_stock;1;true;false;inativo;true;nao verificado
kit-escova-drill-detailer;7898671782935;7898671782935;kits-completos;published;ativo;;6599;true;;in_stock;1;true;true;;true;nao verificado
kit-limpar-hidratar-couro-vonixx-higicouro-hidracouro;00089;;protecao;draft/ausente;inativo;sem preco cadastrado;0;false;;in_stock;0;false;false;inativo;false;nao verificado
kit-p-limpeza-para-brisa-e-vidros;00111;;acessorios;draft/ausente;inativo;sem preco cadastrado;0;false;;in_stock;0;false;false;inativo;false;nao verificado
kit-shampoo-automotivo-v-floc-v-mol-1-5l;00090;;protecao;draft/ausente;inativo;sem preco cadastrado;0;false;;in_stock;0;false;false;inativo;false;nao verificado
lamax-limpador-multiuso;;;;published;inativo;sem preco cadastrado;0;false;;in_stock;0;false;false;inativo;true;nao verificado
lamax-500ml;00122;;lavagem;draft/ausente;inativo;sem preco cadastrado;0;false;;in_stock;0;false;false;inativo;false;nao verificado
lamax-mol-1-5-l;00123;;lavagem;draft/ausente;inativo;sem preco cadastrado;0;false;;in_stock;0;false;false;inativo;false;nao verificado
lamax;;;;published;ativo;;1000;true;;in_stock;1;true;true;;true;nao verificado
lanterna-caneta-led-uv;00115;;acessorios;draft/ausente;inativo;sem preco cadastrado;0;false;;in_stock;0;false;false;inativo;false;nao verificado
lava-autos-500ml;7898511020289;7898511020289;lavagem;published;inativo;sem preco cadastrado;0;false;;in_stock;1;true;false;inativo;true;nao verificado
lava-autos-nitro;00148;;lavagem;draft/ausente;inativo;sem preco cadastrado;0;false;;in_stock;0;false;false;inativo;false;nao verificado
lava-autos-vintex-1-5;00012;;lavagem;draft/ausente;inativo;sem preco cadastrado;0;false;;in_stock;0;false;false;inativo;false;nao verificado
lava-autos-vintex-500-ml;00011;;lavagem;draft/ausente;inativo;sem preco cadastrado;0;false;;in_stock;0;false;false;inativo;false;nao verificado
lava-autos-vintex-5-l;00013;;lavagem;draft/ausente;inativo;sem preco cadastrado;0;false;;in_stock;0;false;false;inativo;false;nao verificado
limpa-contato;00114;;acessorios;draft/ausente;inativo;sem preco cadastrado;0;false;;in_stock;0;false;false;inativo;false;nao verificado
limpador-multiacao-5-l;00103;;lavagem;draft/ausente;inativo;sem preco cadastrado;0;false;;in_stock;0;false;false;inativo;false;nao verificado
limpa-estofados-5-l;00102;;lavagem;draft/ausente;inativo;sem preco cadastrado;0;false;;in_stock;0;false;false;inativo;false;nao verificado
limpa-pneus;00107;;lavagem;draft/ausente;inativo;rascunho no Medusa (tem preco);7227;true;;in_stock;0;false;false;inativo;false;nao verificado
limpa-vidros-em-geral-1-5-l;00097;;lavagem;draft/ausente;inativo;sem preco cadastrado;0;false;;in_stock;0;false;false;inativo;false;nao verificado
limpa-vidros-em-geral-5-l;00101;;lavagem;draft/ausente;inativo;sem preco cadastrado;0;false;;in_stock;0;false;false;inativo;false;nao verificado
limpa-vidros-pro-1-5-l;00098;;lavagem;draft/ausente;inativo;rascunho no Medusa (tem preco);11623;true;;in_stock;0;false;false;inativo;false;nao verificado
luva-de-microfibra-2-em-1-25x16;00065;;acessorios;draft/ausente;inativo;sem preco cadastrado;0;false;;in_stock;0;false;false;inativo;false;nao verificado
luva-nitrilica-descartavel-cx-100-uni;00155;;acessorios;draft/ausente;inativo;sem preco cadastrado;0;false;;in_stock;0;false;false;inativo;false;nao verificado
luva-nitrilica-descartavel-par;00104;;acessorios;draft/ausente;inativo;sem preco cadastrado;0;false;;in_stock;0;false;false;inativo;false;nao verificado
makker-2-0-500-ml;00047;;protecao;draft/ausente;inativo;sem preco cadastrado;0;false;;in_stock;0;false;false;inativo;false;nao verificado
makker-500ml;7898511032909;7898511032909;lavagem;published;ativo;;6203;true;;in_stock;2;true;true;;true;nao verificado
marcador-industrial-amarelo;00158;;acessorios;draft/ausente;inativo;sem preco cadastrado;0;false;;in_stock;0;false;false;inativo;false;nao verificado
marcador-industrial-azul;00110;;acessorios;draft/ausente;inativo;sem preco cadastrado;0;false;;in_stock;0;false;false;inativo;false;nao verificado
marcador-industrial-branco;00159;;acessorios;draft/ausente;inativo;sem preco cadastrado;0;false;;in_stock;0;false;false;inativo;false;nao verificado
marcador-industrial-laranja;00160;;acessorios;draft/ausente;inativo;sem preco cadastrado;0;false;;in_stock;0;false;false;inativo;false;nao verificado
marcador-industrial-preto;00161;;acessorios;draft/ausente;inativo;sem preco cadastrado;0;false;;in_stock;0;false;false;inativo;false;nao verificado
marcador-industrial-verde;00162;;acessorios;draft/ausente;inativo;sem preco cadastrado;0;false;;in_stock;0;false;false;inativo;false;nao verificado
marcador-industrial-vermelho;00163;;acessorios;draft/ausente;inativo;sem preco cadastrado;0;false;;in_stock;0;false;false;inativo;false;nao verificado
massa-de-polir-1-8-kg;00052;;polimento;draft/ausente;inativo;sem preco cadastrado;0;false;;in_stock;0;false;false;inativo;false;nao verificado
massa-de-polir-500-ml;00049;;polimento;draft/ausente;inativo;sem preco cadastrado;0;false;;in_stock;0;false;false;inativo;false;nao verificado
massa-de-polir-vintex-1-8k;7898511031988;7898511031988;polimento;published;ativo;;8390;true;;in_stock;2;true;true;;true;nao verificado
massa-de-polir-vintex-500ml;7898511030950;7898511030950;polimento;published;ativo;;3826;true;;in_stock;1;true;true;;true;nao verificado
max-blend-500-ml;00143;;protecao;draft/ausente;inativo;sem preco cadastrado;0;false;;in_stock;0;false;false;inativo;false;nao verificado
moto-v-500ml;00083;;lavagem;draft/ausente;inativo;sem preco cadastrado;0;false;;in_stock;0;false;false;inativo;false;nao verificado
moto-v-lava-motos-500ml;7898511031964;7898511031964;produtos-para-moto;published;ativo;;3820;true;;in_stock;1;true;true;;true;nao verificado
ox-pro-1-5-l;00125;;lavagem;draft/ausente;inativo;sem preco cadastrado;0;false;;in_stock;0;false;false;inativo;false;nao verificado
ox-pro-500ml;;;;published;inativo;sem preco cadastrado;0;false;;in_stock;1;true;false;inativo;true;nao verificado
ox-pro-500-ml;00124;;lavagem;draft/ausente;inativo;sem preco cadastrado;0;false;;in_stock;0;false;false;inativo;false;nao verificado
ox-pro-5-l;00126;;lavagem;draft/ausente;inativo;sem preco cadastrado;0;false;;in_stock;0;false;false;inativo;false;nao verificado
pano-de-micro-fibra-azul-escuro-37x57;7898939820133;7898939820133;acessorios;published;inativo;sem preco cadastrado;0;false;;in_stock;5;true;false;inativo;true;nao verificado
pano-de-microfibra-sem-costura-40x40-vinixx;7898511027967;7898511027967;acessorios;published;inativo;sem preco cadastrado;0;false;;in_stock;1;true;false;inativo;true;nao verificado
pano-micro-fibra-azul-escuro-47x77-230gsm;7898939820515;7898939820515;acessorios;published;inativo;sem preco cadastrado;0;false;;in_stock;5;true;false;inativo;true;nao verificado
pincel-det-externo-14-zacs;17898511034382;17898511034382;acessorios;published;ativo;;1678;true;;in_stock;1;true;true;;true;nao verificado
pincel-det-medio-interno-14-zacs;17898511034375;17898511034375;acessorios;published;ativo;;1678;true;;in_stock;1;true;true;;true;nao verificado
pincel-externo-n14-cerdas-medias-vonixx;41610829736383;41610829736383;acessorios;published;inativo;sem preco cadastrado;0;false;;in_stock;1;true;false;inativo;true;nao verificado
pincel-interno-cerdas-medias-vonixx-detalhamento-automotivo;41610829736410;41610829736410;acessorios;published;inativo;sem preco cadastrado;0;false;;in_stock;3;true;false;inativo;true;nao verificado
pincel-vonixx-externo;00042;;acessorios;draft/ausente;inativo;sem preco cadastrado;0;false;;in_stock;0;false;false;inativo;false;nao verificado
pincel-vonixx-interno;00041;;acessorios;draft/ausente;inativo;sem preco cadastrado;0;false;;in_stock;0;false;false;inativo;false;nao verificado
pincel-zacs-externo;00076;;acessorios;draft/ausente;inativo;sem preco cadastrado;0;false;;in_stock;0;false;false;inativo;false;nao verificado
pincel-zacs-interno;00075;;acessorios;draft/ausente;inativo;sem preco cadastrado;0;false;;in_stock;0;false;false;inativo;false;nao verificado
plus-cera-carnauba-de-limpeza-cleaner-waz-500ml;7898511020630;7898511020630;protecao;published;ativo;;4194;true;;in_stock;2;true;true;;true;nao verificado
pretinho-pneu-1-5-l;00154;;protecao;draft/ausente;inativo;sem preco cadastrado;0;false;;in_stock;0;false;false;inativo;false;nao verificado
pretinho-pneu-nitro;00142;;protecao;draft/ausente;inativo;sem preco cadastrado;0;false;;in_stock;0;false;false;inativo;false;nao verificado
pretinho-pneu-vintex-5-l;00095;;protecao;draft/ausente;inativo;sem preco cadastrado;0;false;;in_stock;0;false;false;inativo;false;nao verificado
prizm-1-5;7898511034514;7898511034514;protecao;published;inativo;sem preco cadastrado;0;false;;in_stock;1;true;false;inativo;true;nao verificado
prizm-500ml;7898511031179;7898511031179;protecao;published;ativo;;4112;true;;in_stock;1;true;true;;true;nao verificado
rejuvex-400g;7898511020883;7898511020883;protecao;published;ativo;;4377;true;;in_stock;1;true;true;;true;nao verificado
removex-1-5;00058;;lavagem;draft/ausente;inativo;sem preco cadastrado;0;false;;in_stock;0;false;false;inativo;false;nao verificado
removex-vintex-1-5l;7898511032893;7898511032893;lavagem;published;ativo;;2974;true;;in_stock;1;true;true;;true;nao verificado
renova-plasticos;00137;;protecao;draft/ausente;inativo;sem preco cadastrado;0;false;;in_stock;0;false;false;inativo;false;nao verificado
renovex;00138;;protecao;draft/ausente;inativo;sem preco cadastrado;0;false;;in_stock;0;false;false;inativo;false;nao verificado
restaurax-1-5l;7898511034484;7898511034484;protecao;published;ativo;;13210;true;;in_stock;1;true;true;;true;nao verificado
restaurax-500ml;7898511020265;7898511020265;protecao;published;ativo;;7147;true;;in_stock;1;true;true;;true;nao verificado
revelax-500-ml;00022;;polimento;draft/ausente;inativo;sem preco cadastrado;0;false;;in_stock;0;false;false;inativo;false;nao verificado
revelax-revelador-de-hologramas-surface-vonixx;7898511030028;7898511030028;polimento;published;ativo;;3899;true;;in_stock;2;true;true;;true;nao verificado
revoke-500-ml;00132;;lavagem;draft/ausente;inativo;sem preco cadastrado;0;false;;in_stock;0;false;false;inativo;false;nao verificado
revoke-5l;00133;;lavagem;draft/ausente;inativo;sem preco cadastrado;0;false;;in_stock;0;false;false;inativo;false;nao verificado
revox-500-ml;00051;;protecao;draft/ausente;inativo;sem preco cadastrado;0;false;;in_stock;0;false;false;inativo;false;nao verificado
revox-selante-sintetico-para-pneus-500ml-vonixx;JARBAS-2498357b;;vitrificacao;published;ativo;;6914;true;;in_stock;1;true;true;;true;nao verificado
rubber-pro;00140;;protecao;draft/ausente;inativo;sem preco cadastrado;0;false;;in_stock;0;false;false;inativo;false;nao verificado
sanitizante-bom-ar;00145;;protecao;draft/ausente;inativo;sem preco cadastrado;0;false;;in_stock;0;false;false;inativo;false;nao verificado
sanitizante-carro-novo;00146;;protecao;draft/ausente;inativo;sem preco cadastrado;0;false;;in_stock;0;false;false;inativo;false;nao verificado
sanitizante-carro-novo-1-5l;00057;;protecao;draft/ausente;inativo;sem preco cadastrado;0;false;;in_stock;0;false;false;inativo;false;nao verificado
sanitizante-carro-novo-5-l;00100;;protecao;draft/ausente;inativo;sem preco cadastrado;0;false;;in_stock;0;false;false;inativo;false;nao verificado
selante-sintetico-v-80-vonixx-240ml;7898511024331;7898511024331;vitrificacao;published;ativo;;4398;true;;in_stock;1;true;true;;true;nao verificado
shampoo-v-floc-1-5l-vonixx;https://uqr.to/jfmn;https://uqr.to/jfmn;lavagem;published;ativo;;6182;true;;in_stock;1;true;true;;true;nao verificado
shiny-500-ml;00050;;protecao;draft/ausente;inativo;sem preco cadastrado;0;false;;in_stock;0;false;false;inativo;false;nao verificado
silicone-gel-1-l;00106;;protecao;draft/ausente;inativo;sem preco cadastrado;0;false;;in_stock;0;false;false;inativo;false;nao verificado
silicone-liquido-1-l;00105;;protecao;draft/ausente;inativo;sem preco cadastrado;0;false;;in_stock;0;false;false;inativo;false;nao verificado
silicone-spray;00112;;protecao;draft/ausente;inativo;sem preco cadastrado;0;false;;in_stock;0;false;false;inativo;false;nao verificado
sinergy-paint-500-ml;00038;;vitrificacao;draft/ausente;inativo;sem preco cadastrado;0;false;;in_stock;0;false;false;inativo;false;nao verificado
sinergy-vonixx-500ml;7898511033234;7898511033234;protecao;published;ativo;;10622;true;;in_stock;1;true;true;;true;nao verificado
sintra-1-5l;7898511030592;7898511030592;lavagem;published;ativo;;3928;true;;in_stock;1;true;true;;true;nao verificado
sintra-5-litros;7898511032015;7898511032015;lavagem;published;inativo;sem preco cadastrado;0;false;;in_stock;1;true;false;inativo;true;nao verificado
sintra-fast-500ml;7898511030578;7898511030578;lavagem;published;ativo;;3249;true;;in_stock;1;true;true;;true;nao verificado
sintra-pro-3-l;00096;;lavagem;draft/ausente;inativo;sem preco cadastrado;0;false;;in_stock;0;false;false;inativo;false;nao verificado
sio2-pro-500-ml;00085;;protecao;draft/ausente;inativo;sem preco cadastrado;0;false;;in_stock;0;false;false;inativo;false;nao verificado
sio2-vonixx-500ml;7898511027110;7898511027110;vitrificacao;published;ativo;;7198;true;;in_stock;1;true;true;;true;nao verificado
snow-foam-bico-amarelo-gicle-1-3-mm;00068;;acessorios;draft/ausente;inativo;sem preco cadastrado;0;false;;in_stock;0;false;false;inativo;false;nao verificado
snow-foam-bico-vermelho-lavadora-d-alta-pressao;00069;;acessorios;draft/ausente;inativo;sem preco cadastrado;0;false;;in_stock;0;false;false;inativo;false;nao verificado
snow-foan-bico-amarelo-furacao-1-3;7898671782218;7898671782218;lavagem;published;inativo;sem preco cadastrado;0;false;;in_stock;2;true;false;inativo;true;nao verificado
snow-foan-manual;7898671781846;7898671781846;lavagem;published;inativo;sem preco cadastrado;0;false;;in_stock;2;true;false;inativo;true;nao verificado
speel-car-1-5-l;00117;;lavagem;draft/ausente;inativo;sem preco cadastrado;0;false;;in_stock;0;false;false;inativo;false;nao verificado
speel-car-500-ml;00118;;lavagem;draft/ausente;inativo;sem preco cadastrado;0;false;;in_stock;0;false;false;inativo;false;nao verificado
speel-car-500ml;;;lavagem;published;inativo;sem preco cadastrado;0;false;;in_stock;1;true;false;inativo;true;nao verificado
speel-car-5l;00119;;lavagem;draft/ausente;inativo;sem preco cadastrado;0;false;;in_stock;0;false;false;inativo;false;nao verificado
split;00139;;lavagem;draft/ausente;inativo;sem preco cadastrado;0;false;;in_stock;0;false;false;inativo;false;nao verificado
strike-1-5l;7898511031841;7898511031841;lavagem;published;ativo;;14895;true;;in_stock;1;true;true;;true;nao verificado
strike-500ml;7898511030158;7898511030158;lavagem;published;ativo;;7422;true;;in_stock;1;true;true;;true;nao verificado
super-toque;00108;;lavagem;draft/ausente;inativo;sem preco cadastrado;0;false;;in_stock;0;false;false;inativo;false;nao verificado
taco-clay-bar-zacs;00086;;acessorios;draft/ausente;inativo;sem preco cadastrado;0;false;;in_stock;0;false;false;inativo;false;nao verificado
toalha-de-microfibra-felpuda-40x40;00067;;acessorios;draft/ausente;inativo;sem preco cadastrado;0;false;;in_stock;0;false;false;inativo;false;nao verificado
toalha-microfibra-40x80;00063;;acessorios;draft/ausente;inativo;sem preco cadastrado;0;false;;in_stock;0;false;false;inativo;false;nao verificado
toalha-microfibra-azul-clara-47x77;00064;;acessorios;draft/ausente;inativo;sem preco cadastrado;0;false;;in_stock;0;false;false;inativo;false;nao verificado
toalha-microfibra-diversas-37x57;00062;;acessorios;draft/ausente;inativo;sem preco cadastrado;0;false;;in_stock;0;false;false;inativo;false;nao verificado
tryon-500-ml;00032;;protecao;draft/ausente;inativo;sem preco cadastrado;0;false;;in_stock;0;false;false;inativo;false;nao verificado
tryon-finalizador-restaurador-de-plastico-3-em-1;JARBAS-44c54527;;protecao;published;ativo;;6479;true;;in_stock;1;true;true;;true;nao verificado
v40-4em1-500ml;7898511030011;7898511030011;lavagem;published;ativo;;6095;true;;in_stock;1;true;true;;true;nao verificado
v-80;00046;;protecao;draft/ausente;inativo;sem preco cadastrado;0;false;;in_stock;0;false;false;inativo;false;nao verificado
v-cut-polidor-de-cortes-premium;7898511030981;7898511030981;polimento;published;inativo;sem preco cadastrado;0;false;;in_stock;1;true;false;inativo;true;nao verificado
v-eco-fast-500ml;7898511030585;7898511030585;lavagem;published;ativo;;2588;true;;in_stock;1;true;true;;true;nao verificado
v-eco-pro-1-5;00021;;lavagem;draft/ausente;inativo;sem preco cadastrado;0;false;;in_stock;0;false;false;inativo;false;nao verificado
venon-500-ml;00144;;protecao;draft/ausente;inativo;sem preco cadastrado;0;false;;in_stock;0;false;false;inativo;false;nao verificado
vexus-1-5;00016;;lavagem;draft/ausente;inativo;sem preco cadastrado;0;false;;in_stock;0;false;false;inativo;false;nao verificado
vexus-1-5l-vonixx;https://uqr.to/1pftg;https://uqr.to/1pftg;lavagem;published;ativo;;4539;true;;in_stock;0;false;false;sem imagem (obrigatoria no Merchant);true;nao verificado
vexus-500ml;7898511037508;7898511037508;lavagem;published;ativo;;3309;true;;in_stock;1;true;true;;true;nao verificado
v-floc-1-5;7898511027097;7898511027097;lavagem;published;inativo;sem preco cadastrado;0;false;;in_stock;1;true;false;inativo;true;nao verificado
v-floc-3l;7898511030660;7898511030660;lavagem;published;inativo;sem preco cadastrado;0;false;;in_stock;1;true;false;inativo;true;nao verificado
v-floc-500ml;7898511030653;7898511030653;lavagem;published;ativo;;3140;true;;in_stock;2;true;true;;true;nao verificado
v-floc-5l;7898511032886;7898511032886;lavagem;published;ativo;;13571;true;;in_stock;2;true;true;;true;nao verificado
v-mol-1-5l;7898511033463;7898511033463;lavagem;published;ativo;;4821;true;;in_stock;2;true;true;;true;nao verificado
v-mol-500ml;7898511034293;7898511034293;lavagem;published;inativo;sem preco cadastrado;0;false;;in_stock;2;true;false;inativo;true;nao verificado
v-mol-5l;00040;;lavagem;draft/ausente;inativo;sem preco cadastrado;0;false;;in_stock;0;false;false;inativo;false;nao verificado
v-mol-5-litros;7898511033470;7898511033470;lavagem;published;inativo;sem preco cadastrado;0;false;;in_stock;1;true;false;inativo;true;nao verificado
v-paint;00054;;vitrificacao;draft/ausente;inativo;sem preco cadastrado;0;false;;in_stock;0;false;false;inativo;false;nao verificado