sku,nome_na_loja,referencia_na_loja,descricao_no_inventario,preco_inventario
PKG.0068,"Gaxeta PU - Tipo B 55 × 64,5 × 6,75 mm",6-18702165-266,GAX. 6.1870.2165.354 B,"10,01"
PKG.0165,"Gaxeta PU - Tipo B 123 × 142,04 × 15,87 mm",37504842-625,GAX. 3750.4900.625 B,"69,65"
PKG.0220 BS,Gaxeta PU - Tipo BS 35 × 45 × 10 mm,6-19701377-393,GAX. 6.1970.1378.394 BS,"16,70"
PKG.0238 BS,"Gaxeta PU - Tipo BS 169 × 181,2 × 10 mm",6-24016653-393,GAX. 6.2401.6653.433 BS - HYVA FLASH,"69,86"
PKG.1189,Gaxeta PU - Tipo B 60 × 80 × 12 mm,6-39402362-470,GAX. 6.3940.2362.472 B,"32,36"
PKG.2457,"Gaxeta PU - Tipo STD 279,4 × 304,8 × 12,7 mm",50011000,GAX. 5000.11000.000 ST,"240,01"
PKG.2544,"Gaxeta PU - Tipo B 154 × 178,4 × 12,7 mm",6-50006062-500,GAX. 6.5000.6062.000 ST,"89,67"
PKG.2657,Gaxeta PU - Tipo B 35 × 45 × 10 mm,6-19701375-394,GAX. 6.1970.1378.394 B,"8,95"
RPU.0500,"Raspador PU - Tipo D 25,4 × 32,46 × 2,64 mm",D-940/09,RASPADOR D-940/959-09,"4,47"
RPU.0513,"Raspador PU - Tipo D 44,45 × 52,3 × 3,96 mm",D-940/19,RASPADOR D-940/959-19,"4,69"
RPU.0891,"Raspador PU - Tipo D 28,52 × 35,64 × 2,64 mm",D-940/11,RASPADOR D-940/959-11,"7,86"
RPU.0924,"Raspador PU - Tipo D 19,05 × 25,81 × 2,64 mm",D-940/05,RASPADOR D-940/959-05,"4,47"
RPU.1414,"Raspador PU - Tipo D 22,22 × 29,28 × 3,96 mm",D-940/07,RASPADOR D-940/959-07,"4,47"
RPU.1418,"Raspador PU - Tipo D 31,75 × 38,81 × 2,64 mm",D-940/13,RASPADOR D-940/959-13,"4,69"
