"nome","preco","categoria","google_product_category","marca","sku","slug","descricao_curta","descricao","imagem","imagem_origem","imagem_familia","atributos_json","ativo"
"Anel guia 25,06 × 30,04 × 25 mm","0","Anel guia","111","PK Vedações","GNY.5131","gny-5131-6w10-1182-984","Anel guia de nylon com fibra de vidro, 25,06 × 30,04 × 25 mm, para êmbolo e haste de cilindro hidráulico. Evita o contato metal com metal; até 1,0 m/s e 40 N/mm². Referência 6W10.1182-984. Fabricação PK Vedações, código GNY.5131.","Anel guia não metálico com diâmetro interno de 25,06 mm, diâmetro externo de 30,04 mm e altura de 25 mm. Referência de catálogo 6W10.1182-984. Código PK Vedações GNY.5131.

Anel de apoio em poliamida (nylon) com fibra de vidro, formulado para as aplicações modernas em êmbolos e hastes em movimento recíproco. Mantém o conjunto centrado na camisa, absorve as cargas radiais do esforço lateral e previne o contato metal com metal, protegendo as gaxetas e garantindo a vida útil prevista da vedação. Aplicações típicas: cilindros de curso longo e de uso horizontal, setor petroquímico e siderúrgico e prensas hidráulicas de grande porte.

Limites operacionais, segundo o catálogo da PK Vedações: velocidade linear máxima de 1,0 m/s e capacidade de carga de até 40 N/mm² a 20 °C e até 30 N/mm² a 100 °C.

Como conferir a medida: diâmetro interno, diâmetro externo e altura (largura do canal). O canal recebe o anel com a folga de montagem prevista no projeto do cilindro; meça com paquímetro antes de pedir.","https://lojas.avilaops.com/uploads/pkvedacoes/anel-guia.webp","representativa","Anel guia","{""diametroInternoMm"": 25.06, ""diametroExternoMm"": 30.04, ""alturaMm"": 25.0, ""secaoMm"": 2.49, ""referencia"": ""6W10.1182-984""}","sim"
"Anel guia 25,31 × 29,21 × 6,35 mm","0","Anel guia","111","PK Vedações","GNY.5114","gny-5114-6w1-1150-250","Anel guia de nylon com fibra de vidro, 25,31 × 29,21 × 6,35 mm, para êmbolo e haste de cilindro hidráulico. Evita o contato metal com metal; até 1,0 m/s e 40 N/mm². Referência 6W1-1150-250. Fabricação PK Vedações, código GNY.5114.","Anel guia não metálico com diâmetro interno de 25,31 mm, diâmetro externo de 29,21 mm e altura de 6,35 mm. Referência de catálogo 6W1-1150-250. Código PK Vedações GNY.5114.

Anel de apoio em poliamida (nylon) com fibra de vidro, formulado para as aplicações modernas em êmbolos e hastes em movimento recíproco. Mantém o conjunto centrado na camisa, absorve as cargas radiais do esforço lateral e previne o contato metal com metal, protegendo as gaxetas e garantindo a vida útil prevista da vedação. Aplicações típicas: cilindros de curso longo e de uso horizontal, setor petroquímico e siderúrgico e prensas hidráulicas de grande porte.

Limites operacionais, segundo o catálogo da PK Vedações: velocidade linear máxima de 1,0 m/s e capacidade de carga de até 40 N/mm² a 20 °C e até 30 N/mm² a 100 °C.

Como conferir a medida: diâmetro interno, diâmetro externo e altura (largura do canal). O canal recebe o anel com a folga de montagem prevista no projeto do cilindro; meça com paquímetro antes de pedir.","https://lojas.avilaops.com/uploads/pkvedacoes/anel-guia.webp","representativa","Anel guia","{""diametroInternoMm"": 25.31, ""diametroExternoMm"": 29.21, ""alturaMm"": 6.35, ""secaoMm"": 1.95, ""referencia"": ""6W1-1150-250""}","sim"
"Anel guia 30 × 35 × 9,7 mm","0","Anel guia","111","PK Vedações","GNY.5182","gny-5182-6w10-1378-382","Anel guia de nylon com fibra de vidro, 30 × 35 × 9,7 mm, para êmbolo e haste de cilindro hidráulico. Evita o contato metal com metal; até 1,0 m/s e 40 N/mm². Referência 6W10-1378.382. Fabricação PK Vedações, código GNY.5182.","Anel guia não metálico com diâmetro interno de 30 mm, diâmetro externo de 35 mm e altura de 9,7 mm. Referência de catálogo 6W10-1378.382. Código PK Vedações GNY.5182.

Anel de apoio em poliamida (nylon) com fibra de vidro, formulado para as aplicações modernas em êmbolos e hastes em movimento recíproco. Mantém o conjunto centrado na camisa, absorve as cargas radiais do esforço lateral e previne o contato metal com metal, protegendo as gaxetas e garantindo a vida útil prevista da vedação. Aplicações típicas: cilindros de curso longo e de uso horizontal, setor petroquímico e siderúrgico e prensas hidráulicas de grande porte.

Limites operacionais, segundo o catálogo da PK Vedações: velocidade linear máxima de 1,0 m/s e capacidade de carga de até 40 N/mm² a 20 °C e até 30 N/mm² a 100 °C.

Como conferir a medida: diâmetro interno, diâmetro externo e altura (largura do canal). O canal recebe o anel com a folga de montagem prevista no projeto do cilindro; meça com paquímetro antes de pedir.","https://lojas.avilaops.com/uploads/pkvedacoes/anel-guia.webp","representativa","Anel guia","{""diametroInternoMm"": 30.0, ""diametroExternoMm"": 35.0, ""alturaMm"": 9.7, ""secaoMm"": 2.5, ""referencia"": ""6W10-1378.382""}","sim"
"Anel guia 31,74 × 38,1 × 9,52 mm","0","Anel guia","111","PK Vedações","GNY.5134","gny-5134-6w2-1500-375","Anel guia de nylon com fibra de vidro, 31,74 × 38,1 × 9,52 mm, para êmbolo e haste de cilindro hidráulico. Evita o contato metal com metal; até 1,0 m/s e 40 N/mm². Referência 6W2.1500-375. Fabricação PK Vedações, código GNY.5134.","Anel guia não metálico com diâmetro interno de 31,74 mm, diâmetro externo de 38,1 mm e altura de 9,52 mm. Referência de catálogo 6W2.1500-375. Código PK Vedações GNY.5134.

Anel de apoio em poliamida (nylon) com fibra de vidro, formulado para as aplicações modernas em êmbolos e hastes em movimento recíproco. Mantém o conjunto centrado na camisa, absorve as cargas radiais do esforço lateral e previne o contato metal com metal, protegendo as gaxetas e garantindo a vida útil prevista da vedação. Aplicações típicas: cilindros de curso longo e de uso horizontal, setor petroquímico e siderúrgico e prensas hidráulicas de grande porte.

Limites operacionais, segundo o catálogo da PK Vedações: velocidade linear máxima de 1,0 m/s e capacidade de carga de até 40 N/mm² a 20 °C e até 30 N/mm² a 100 °C.

Como conferir a medida: diâmetro interno, diâmetro externo e altura (largura do canal). O canal recebe o anel com a folga de montagem prevista no projeto do cilindro; meça com paquímetro antes de pedir.","https://lojas.avilaops.com/uploads/pkvedacoes/anel-guia.webp","representativa","Anel guia","{""diametroInternoMm"": 31.74, ""diametroExternoMm"": 38.1, ""alturaMm"": 9.52, ""secaoMm"": 3.18, ""referencia"": ""6W2.1500-375""}","sim"
"Anel guia 31,75 × 34,92 × 15,87 mm","0","Anel guia","111","PK Vedações","GNY.5013","gny-5013-6w1-1375-625","Anel guia de nylon com fibra de vidro, 31,75 × 34,92 × 15,87 mm, para êmbolo e haste de cilindro hidráulico. Evita o contato metal com metal; até 1,0 m/s e 40 N/mm². Referência 6W1-1375.625. Fabricação PK Vedações, código GNY.5013.","Anel guia não metálico com diâmetro interno de 31,75 mm, diâmetro externo de 34,92 mm e altura de 15,87 mm. Referência de catálogo 6W1-1375.625. Código PK Vedações GNY.5013.

Anel de apoio em poliamida (nylon) com fibra de vidro, formulado para as aplicações modernas em êmbolos e hastes em movimento recíproco. Mantém o conjunto centrado na camisa, absorve as cargas radiais do esforço lateral e previne o contato metal com metal, protegendo as gaxetas e garantindo a vida útil prevista da vedação. Aplicações típicas: cilindros de curso longo e de uso horizontal, setor petroquímico e siderúrgico e prensas hidráulicas de grande porte.

Limites operacionais, segundo o catálogo da PK Vedações: velocidade linear máxima de 1,0 m/s e capacidade de carga de até 40 N/mm² a 20 °C e até 30 N/mm² a 100 °C.

Como conferir a medida: diâmetro interno, diâmetro externo e altura (largura do canal). O canal recebe o anel com a folga de montagem prevista no projeto do cilindro; meça com paquímetro antes de pedir.","https://lojas.avilaops.com/uploads/pkvedacoes/anel-guia.webp","representativa","Anel guia","{""diametroInternoMm"": 31.75, ""diametroExternoMm"": 34.92, ""alturaMm"": 15.87, ""secaoMm"": 1.58, ""referencia"": ""6W1-1375.625""}","sim"
"Anel guia 31,9 × 35,8 × 9,52 mm","0","Anel guia","111","PK Vedações","GNY.5159","gny-5159-6w1-1410-375","Anel guia de nylon com fibra de vidro, 31,9 × 35,8 × 9,52 mm, para êmbolo e haste de cilindro hidráulico. Evita o contato metal com metal; até 1,0 m/s e 40 N/mm². Referência 6W1.1410-375. Fabricação PK Vedações, código GNY.5159.","Anel guia não metálico com diâmetro interno de 31,9 mm, diâmetro externo de 35,8 mm e altura de 9,52 mm. Referência de catálogo 6W1.1410-375. Código PK Vedações GNY.5159.

Anel de apoio em poliamida (nylon) com fibra de vidro, formulado para as aplicações modernas em êmbolos e hastes em movimento recíproco. Mantém o conjunto centrado na camisa, absorve as cargas radiais do esforço lateral e previne o contato metal com metal, protegendo as gaxetas e garantindo a vida útil prevista da vedação. Aplicações típicas: cilindros de curso longo e de uso horizontal, setor petroquímico e siderúrgico e prensas hidráulicas de grande porte.

Limites operacionais, segundo o catálogo da PK Vedações: velocidade linear máxima de 1,0 m/s e capacidade de carga de até 40 N/mm² a 20 °C e até 30 N/mm² a 100 °C.

Como conferir a medida: diâmetro interno, diâmetro externo e altura (largura do canal). O canal recebe o anel com a folga de montagem prevista no projeto do cilindro; meça com paquímetro antes de pedir.","https://lojas.avilaops.com/uploads/pkvedacoes/anel-guia.webp","representativa","Anel guia","{""diametroInternoMm"": 31.9, ""diametroExternoMm"": 35.8, ""alturaMm"": 9.52, ""secaoMm"": 1.95, ""referencia"": ""6W1.1410-375""}","sim"
"Anel guia 36 × 41 × 5,5 mm","0","Anel guia","111","PK Vedações","GNY.5063","gny-5063-6w10-1614-216","Anel guia de nylon com fibra de vidro, 36 × 41 × 5,5 mm, para êmbolo e haste de cilindro hidráulico. Evita o contato metal com metal; até 1,0 m/s e 40 N/mm². Referência 6W10-1614.216. Fabricação PK Vedações, código GNY.5063.","Anel guia não metálico com diâmetro interno de 36 mm, diâmetro externo de 41 mm e altura de 5,5 mm. Referência de catálogo 6W10-1614.216. Código PK Vedações GNY.5063.

Anel de apoio em poliamida (nylon) com fibra de vidro, formulado para as aplicações modernas em êmbolos e hastes em movimento recíproco. Mantém o conjunto centrado na camisa, absorve as cargas radiais do esforço lateral e previne o contato metal com metal, protegendo as gaxetas e garantindo a vida útil prevista da vedação. Aplicações típicas: cilindros de curso longo e de uso horizontal, setor petroquímico e siderúrgico e prensas hidráulicas de grande porte.

Limites operacionais, segundo o catálogo da PK Vedações: velocidade linear máxima de 1,0 m/s e capacidade de carga de até 40 N/mm² a 20 °C e até 30 N/mm² a 100 °C.

Como conferir a medida: diâmetro interno, diâmetro externo e altura (largura do canal). O canal recebe o anel com a folga de montagem prevista no projeto do cilindro; meça com paquímetro antes de pedir.","https://lojas.avilaops.com/uploads/pkvedacoes/anel-guia.webp","representativa","Anel guia","{""diametroInternoMm"": 36.0, ""diametroExternoMm"": 41.0, ""alturaMm"": 5.5, ""secaoMm"": 2.5, ""referencia"": ""6W10-1614.216""}","sim"
"Anel guia 38 × 41 × 25 mm","0","Anel guia","111","PK Vedações","GNY.5166","gny-5166-6w3-1614-985","Anel guia de nylon com fibra de vidro, 38 × 41 × 25 mm, para êmbolo e haste de cilindro hidráulico. Evita o contato metal com metal; até 1,0 m/s e 40 N/mm². Referência 6W3-1614.985. Fabricação PK Vedações, código GNY.5166.","Anel guia não metálico com diâmetro interno de 38 mm, diâmetro externo de 41 mm e altura de 25 mm. Referência de catálogo 6W3-1614.985. Código PK Vedações GNY.5166.

Anel de apoio em poliamida (nylon) com fibra de vidro, formulado para as aplicações modernas em êmbolos e hastes em movimento recíproco. Mantém o conjunto centrado na camisa, absorve as cargas radiais do esforço lateral e previne o contato metal com metal, protegendo as gaxetas e garantindo a vida útil prevista da vedação. Aplicações típicas: cilindros de curso longo e de uso horizontal, setor petroquímico e siderúrgico e prensas hidráulicas de grande porte.

Limites operacionais, segundo o catálogo da PK Vedações: velocidade linear máxima de 1,0 m/s e capacidade de carga de até 40 N/mm² a 20 °C e até 30 N/mm² a 100 °C.

Como conferir a medida: diâmetro interno, diâmetro externo e altura (largura do canal). O canal recebe o anel com a folga de montagem prevista no projeto do cilindro; meça com paquímetro antes de pedir.","https://lojas.avilaops.com/uploads/pkvedacoes/anel-guia.webp","representativa","Anel guia","{""diametroInternoMm"": 38.0, ""diametroExternoMm"": 41.0, ""alturaMm"": 25.0, ""secaoMm"": 1.5, ""referencia"": ""6W3-1614.985""}","sim"
"Anel guia 38,1 × 42 × 12,7 mm","0","Anel guia","111","PK Vedações","GNY.5103","gny-5103-6w1-1660-500","Anel guia de nylon com fibra de vidro, 38,1 × 42 × 12,7 mm, para êmbolo e haste de cilindro hidráulico. Evita o contato metal com metal; até 1,0 m/s e 40 N/mm². Referência 6W1-1660.500. Fabricação PK Vedações, código GNY.5103.","Anel guia não metálico com diâmetro interno de 38,1 mm, diâmetro externo de 42 mm e altura de 12,7 mm. Referência de catálogo 6W1-1660.500. Código PK Vedações GNY.5103.

Anel de apoio em poliamida (nylon) com fibra de vidro, formulado para as aplicações modernas em êmbolos e hastes em movimento recíproco. Mantém o conjunto centrado na camisa, absorve as cargas radiais do esforço lateral e previne o contato metal com metal, protegendo as gaxetas e garantindo a vida útil prevista da vedação. Aplicações típicas: cilindros de curso longo e de uso horizontal, setor petroquímico e siderúrgico e prensas hidráulicas de grande porte.

Limites operacionais, segundo o catálogo da PK Vedações: velocidade linear máxima de 1,0 m/s e capacidade de carga de até 40 N/mm² a 20 °C e até 30 N/mm² a 100 °C.

Como conferir a medida: diâmetro interno, diâmetro externo e altura (largura do canal). O canal recebe o anel com a folga de montagem prevista no projeto do cilindro; meça com paquímetro antes de pedir.","https://lojas.avilaops.com/uploads/pkvedacoes/anel-guia.webp","representativa","Anel guia","{""diametroInternoMm"": 38.1, ""diametroExternoMm"": 42.0, ""alturaMm"": 12.7, ""secaoMm"": 1.95, ""referencia"": ""6W1-1660.500""}","sim"
"Anel guia 40 × 43 × 16 mm","0","Anel guia","111","PK Vedações","GNY.5178","gny-5178-6w3-1693-629","Anel guia de nylon com fibra de vidro, 40 × 43 × 16 mm, para êmbolo e haste de cilindro hidráulico. Evita o contato metal com metal; até 1,0 m/s e 40 N/mm². Referência 6W3-1693.629. Fabricação PK Vedações, código GNY.5178.","Anel guia não metálico com diâmetro interno de 40 mm, diâmetro externo de 43 mm e altura de 16 mm. Referência de catálogo 6W3-1693.629. Código PK Vedações GNY.5178.

Anel de apoio em poliamida (nylon) com fibra de vidro, formulado para as aplicações modernas em êmbolos e hastes em movimento recíproco. Mantém o conjunto centrado na camisa, absorve as cargas radiais do esforço lateral e previne o contato metal com metal, protegendo as gaxetas e garantindo a vida útil prevista da vedação. Aplicações típicas: cilindros de curso longo e de uso horizontal, setor petroquímico e siderúrgico e prensas hidráulicas de grande porte.

Limites operacionais, segundo o catálogo da PK Vedações: velocidade linear máxima de 1,0 m/s e capacidade de carga de até 40 N/mm² a 20 °C e até 30 N/mm² a 100 °C.

Como conferir a medida: diâmetro interno, diâmetro externo e altura (largura do canal). O canal recebe o anel com a folga de montagem prevista no projeto do cilindro; meça com paquímetro antes de pedir.","https://lojas.avilaops.com/uploads/pkvedacoes/anel-guia.webp","representativa","Anel guia","{""diametroInternoMm"": 40.0, ""diametroExternoMm"": 43.0, ""alturaMm"": 16.0, ""secaoMm"": 1.5, ""referencia"": ""6W3-1693.629""}","sim"
"Anel guia 44,5 × 47,5 × 25,4 mm","0","Anel guia","111","PK Vedações","GNY.5163","gny-5163-6w3-1870-1000","Anel guia de nylon com fibra de vidro, 44,5 × 47,5 × 25,4 mm, para êmbolo e haste de cilindro hidráulico. Evita o contato metal com metal; até 1,0 m/s e 40 N/mm². Referência 6W3-1870.1000. Fabricação PK Vedações, código GNY.5163.","Anel guia não metálico com diâmetro interno de 44,5 mm, diâmetro externo de 47,5 mm e altura de 25,4 mm. Referência de catálogo 6W3-1870.1000. Código PK Vedações GNY.5163.

Anel de apoio em poliamida (nylon) com fibra de vidro, formulado para as aplicações modernas em êmbolos e hastes em movimento recíproco. Mantém o conjunto centrado na camisa, absorve as cargas radiais do esforço lateral e previne o contato metal com metal, protegendo as gaxetas e garantindo a vida útil prevista da vedação. Aplicações típicas: cilindros de curso longo e de uso horizontal, setor petroquímico e siderúrgico e prensas hidráulicas de grande porte.

Limites operacionais, segundo o catálogo da PK Vedações: velocidade linear máxima de 1,0 m/s e capacidade de carga de até 40 N/mm² a 20 °C e até 30 N/mm² a 100 °C.

Como conferir a medida: diâmetro interno, diâmetro externo e altura (largura do canal). O canal recebe o anel com a folga de montagem prevista no projeto do cilindro; meça com paquímetro antes de pedir.","https://lojas.avilaops.com/uploads/pkvedacoes/anel-guia.webp","representativa","Anel guia","{""diametroInternoMm"": 44.5, ""diametroExternoMm"": 47.5, ""alturaMm"": 25.4, ""secaoMm"": 1.5, ""referencia"": ""6W3-1870.1000""}","sim"
"Anel guia 45 × 50 × 20 mm","0","Anel guia","111","PK Vedações","GNY.5031","gny-5031-6w10-1968-787","Anel guia de nylon com fibra de vidro, 45 × 50 × 20 mm, para êmbolo e haste de cilindro hidráulico. Evita o contato metal com metal; até 1,0 m/s e 40 N/mm². Referência 6W10.1968.787. Fabricação PK Vedações, código GNY.5031.","Anel guia não metálico com diâmetro interno de 45 mm, diâmetro externo de 50 mm e altura de 20 mm. Referência de catálogo 6W10.1968.787. Código PK Vedações GNY.5031.

Anel de apoio em poliamida (nylon) com fibra de vidro, formulado para as aplicações modernas em êmbolos e hastes em movimento recíproco. Mantém o conjunto centrado na camisa, absorve as cargas radiais do esforço lateral e previne o contato metal com metal, protegendo as gaxetas e garantindo a vida útil prevista da vedação. Aplicações típicas: cilindros de curso longo e de uso horizontal, setor petroquímico e siderúrgico e prensas hidráulicas de grande porte.

Limites operacionais, segundo o catálogo da PK Vedações: velocidade linear máxima de 1,0 m/s e capacidade de carga de até 40 N/mm² a 20 °C e até 30 N/mm² a 100 °C.

Como conferir a medida: diâmetro interno, diâmetro externo e altura (largura do canal). O canal recebe o anel com a folga de montagem prevista no projeto do cilindro; meça com paquímetro antes de pedir.","https://lojas.avilaops.com/uploads/pkvedacoes/anel-guia.webp","representativa","Anel guia","{""diametroInternoMm"": 45.0, ""diametroExternoMm"": 50.0, ""alturaMm"": 20.0, ""secaoMm"": 2.5, ""referencia"": ""6W10.1968.787""}","sim"
"Anel guia 45 × 50 × 9,7 mm","0","Anel guia","111","PK Vedações","GNY.5091","gny-5091-6w10-1969-382","Anel guia de nylon com fibra de vidro, 45 × 50 × 9,7 mm, para êmbolo e haste de cilindro hidráulico. Evita o contato metal com metal; até 1,0 m/s e 40 N/mm². Referência 6W10.1969-382. Fabricação PK Vedações, código GNY.5091.","Anel guia não metálico com diâmetro interno de 45 mm, diâmetro externo de 50 mm e altura de 9,7 mm. Referência de catálogo 6W10.1969-382. Código PK Vedações GNY.5091.

Anel de apoio em poliamida (nylon) com fibra de vidro, formulado para as aplicações modernas em êmbolos e hastes em movimento recíproco. Mantém o conjunto centrado na camisa, absorve as cargas radiais do esforço lateral e previne o contato metal com metal, protegendo as gaxetas e garantindo a vida útil prevista da vedação. Aplicações típicas: cilindros de curso longo e de uso horizontal, setor petroquímico e siderúrgico e prensas hidráulicas de grande porte.

Limites operacionais, segundo o catálogo da PK Vedações: velocidade linear máxima de 1,0 m/s e capacidade de carga de até 40 N/mm² a 20 °C e até 30 N/mm² a 100 °C.

Como conferir a medida: diâmetro interno, diâmetro externo e altura (largura do canal). O canal recebe o anel com a folga de montagem prevista no projeto do cilindro; meça com paquímetro antes de pedir.","https://lojas.avilaops.com/uploads/pkvedacoes/anel-guia.webp","representativa","Anel guia","{""diametroInternoMm"": 45.0, ""diametroExternoMm"": 50.0, ""alturaMm"": 9.7, ""secaoMm"": 2.5, ""referencia"": ""6W10.1969-382""}","sim"
"Anel guia 45 × 48 × 22,45 mm","0","Anel guia","111","PK Vedações","GNY.5179","gny-5179-6w3-1889-883","Anel guia de nylon com fibra de vidro, 45 × 48 × 22,45 mm, para êmbolo e haste de cilindro hidráulico. Evita o contato metal com metal; até 1,0 m/s e 40 N/mm². Referência 6W3-1889.883. Fabricação PK Vedações, código GNY.5179.","Anel guia não metálico com diâmetro interno de 45 mm, diâmetro externo de 48 mm e altura de 22,45 mm. Referência de catálogo 6W3-1889.883. Código PK Vedações GNY.5179.

Anel de apoio em poliamida (nylon) com fibra de vidro, formulado para as aplicações modernas em êmbolos e hastes em movimento recíproco. Mantém o conjunto centrado na camisa, absorve as cargas radiais do esforço lateral e previne o contato metal com metal, protegendo as gaxetas e garantindo a vida útil prevista da vedação. Aplicações típicas: cilindros de curso longo e de uso horizontal, setor petroquímico e siderúrgico e prensas hidráulicas de grande porte.

Limites operacionais, segundo o catálogo da PK Vedações: velocidade linear máxima de 1,0 m/s e capacidade de carga de até 40 N/mm² a 20 °C e até 30 N/mm² a 100 °C.

Como conferir a medida: diâmetro interno, diâmetro externo e altura (largura do canal). O canal recebe o anel com a folga de montagem prevista no projeto do cilindro; meça com paquímetro antes de pedir.","https://lojas.avilaops.com/uploads/pkvedacoes/anel-guia.webp","representativa","Anel guia","{""diametroInternoMm"": 45.0, ""diametroExternoMm"": 48.0, ""alturaMm"": 22.45, ""secaoMm"": 1.5, ""referencia"": ""6W3-1889.883""}","sim"
"Anel guia 48 × 51,7 × 12,7 mm","0","Anel guia","111","PK Vedações","GNY.5034","gny-5034-6w1-2035-500","Anel guia de nylon com fibra de vidro, 48 × 51,7 × 12,7 mm, para êmbolo e haste de cilindro hidráulico. Evita o contato metal com metal; até 1,0 m/s e 40 N/mm². Referência 6W1-2035.500. Fabricação PK Vedações, código GNY.5034.","Anel guia não metálico com diâmetro interno de 48 mm, diâmetro externo de 51,7 mm e altura de 12,7 mm. Referência de catálogo 6W1-2035.500. Código PK Vedações GNY.5034.

Anel de apoio em poliamida (nylon) com fibra de vidro, formulado para as aplicações modernas em êmbolos e hastes em movimento recíproco. Mantém o conjunto centrado na camisa, absorve as cargas radiais do esforço lateral e previne o contato metal com metal, protegendo as gaxetas e garantindo a vida útil prevista da vedação. Aplicações típicas: cilindros de curso longo e de uso horizontal, setor petroquímico e siderúrgico e prensas hidráulicas de grande porte.

Limites operacionais, segundo o catálogo da PK Vedações: velocidade linear máxima de 1,0 m/s e capacidade de carga de até 40 N/mm² a 20 °C e até 30 N/mm² a 100 °C.

Como conferir a medida: diâmetro interno, diâmetro externo e altura (largura do canal). O canal recebe o anel com a folga de montagem prevista no projeto do cilindro; meça com paquímetro antes de pedir.","https://lojas.avilaops.com/uploads/pkvedacoes/anel-guia.webp","representativa","Anel guia","{""diametroInternoMm"": 48.0, ""diametroExternoMm"": 51.7, ""alturaMm"": 12.7, ""secaoMm"": 1.85, ""referencia"": ""6W1-2035.500""}","sim"
"Anel guia 50 × 53 × 15 mm","0","Anel guia","111","PK Vedações","GNY.5183","gny-5183-6w3-2086-590","Anel guia de nylon com fibra de vidro, 50 × 53 × 15 mm, para êmbolo e haste de cilindro hidráulico. Evita o contato metal com metal; até 1,0 m/s e 40 N/mm². Referência 6W3-2086.590. Fabricação PK Vedações, código GNY.5183.","Anel guia não metálico com diâmetro interno de 50 mm, diâmetro externo de 53 mm e altura de 15 mm. Referência de catálogo 6W3-2086.590. Código PK Vedações GNY.5183.

Anel de apoio em poliamida (nylon) com fibra de vidro, formulado para as aplicações modernas em êmbolos e hastes em movimento recíproco. Mantém o conjunto centrado na camisa, absorve as cargas radiais do esforço lateral e previne o contato metal com metal, protegendo as gaxetas e garantindo a vida útil prevista da vedação. Aplicações típicas: cilindros de curso longo e de uso horizontal, setor petroquímico e siderúrgico e prensas hidráulicas de grande porte.

Limites operacionais, segundo o catálogo da PK Vedações: velocidade linear máxima de 1,0 m/s e capacidade de carga de até 40 N/mm² a 20 °C e até 30 N/mm² a 100 °C.

Como conferir a medida: diâmetro interno, diâmetro externo e altura (largura do canal). O canal recebe o anel com a folga de montagem prevista no projeto do cilindro; meça com paquímetro antes de pedir.","https://lojas.avilaops.com/uploads/pkvedacoes/anel-guia.webp","representativa","Anel guia","{""diametroInternoMm"": 50.0, ""diametroExternoMm"": 53.0, ""alturaMm"": 15.0, ""secaoMm"": 1.5, ""referencia"": ""6W3-2086.590""}","sim"
"Anel guia 50,9 × 53,8 × 24,77 mm","0","Anel guia","111","PK Vedações","GNY.5132","gny-5132-6w3-2118-975","Anel guia de nylon com fibra de vidro, 50,9 × 53,8 × 24,77 mm, para êmbolo e haste de cilindro hidráulico. Evita o contato metal com metal; até 1,0 m/s e 40 N/mm². Referência 6W3-2118.975. Fabricação PK Vedações, código GNY.5132.","Anel guia não metálico com diâmetro interno de 50,9 mm, diâmetro externo de 53,8 mm e altura de 24,77 mm. Referência de catálogo 6W3-2118.975. Código PK Vedações GNY.5132.

Anel de apoio em poliamida (nylon) com fibra de vidro, formulado para as aplicações modernas em êmbolos e hastes em movimento recíproco. Mantém o conjunto centrado na camisa, absorve as cargas radiais do esforço lateral e previne o contato metal com metal, protegendo as gaxetas e garantindo a vida útil prevista da vedação. Aplicações típicas: cilindros de curso longo e de uso horizontal, setor petroquímico e siderúrgico e prensas hidráulicas de grande porte.

Limites operacionais, segundo o catálogo da PK Vedações: velocidade linear máxima de 1,0 m/s e capacidade de carga de até 40 N/mm² a 20 °C e até 30 N/mm² a 100 °C.

Como conferir a medida: diâmetro interno, diâmetro externo e altura (largura do canal). O canal recebe o anel com a folga de montagem prevista no projeto do cilindro; meça com paquímetro antes de pedir.","https://lojas.avilaops.com/uploads/pkvedacoes/anel-guia.webp","representativa","Anel guia","{""diametroInternoMm"": 50.9, ""diametroExternoMm"": 53.8, ""alturaMm"": 24.77, ""secaoMm"": 1.45, ""referencia"": ""6W3-2118.975""}","sim"
"Anel guia 54 × 59 × 5,5 mm","0","Anel guia","111","PK Vedações","GNY.5065","gny-5065-6w10-2322-216","Anel guia de nylon com fibra de vidro, 54 × 59 × 5,5 mm, para êmbolo e haste de cilindro hidráulico. Evita o contato metal com metal; até 1,0 m/s e 40 N/mm². Referência 6W10-2322.216. Fabricação PK Vedações, código GNY.5065.","Anel guia não metálico com diâmetro interno de 54 mm, diâmetro externo de 59 mm e altura de 5,5 mm. Referência de catálogo 6W10-2322.216. Código PK Vedações GNY.5065.

Anel de apoio em poliamida (nylon) com fibra de vidro, formulado para as aplicações modernas em êmbolos e hastes em movimento recíproco. Mantém o conjunto centrado na camisa, absorve as cargas radiais do esforço lateral e previne o contato metal com metal, protegendo as gaxetas e garantindo a vida útil prevista da vedação. Aplicações típicas: cilindros de curso longo e de uso horizontal, setor petroquímico e siderúrgico e prensas hidráulicas de grande porte.

Limites operacionais, segundo o catálogo da PK Vedações: velocidade linear máxima de 1,0 m/s e capacidade de carga de até 40 N/mm² a 20 °C e até 30 N/mm² a 100 °C.

Como conferir a medida: diâmetro interno, diâmetro externo e altura (largura do canal). O canal recebe o anel com a folga de montagem prevista no projeto do cilindro; meça com paquímetro antes de pedir.","https://lojas.avilaops.com/uploads/pkvedacoes/anel-guia.webp","representativa","Anel guia","{""diametroInternoMm"": 54.0, ""diametroExternoMm"": 59.0, ""alturaMm"": 5.5, ""secaoMm"": 2.5, ""referencia"": ""6W10-2322.216""}","sim"
"Anel guia 55 × 60 × 9,7 mm","0","Anel guia","111","PK Vedações","GNY.5094","gny-5094-6w10-2362-382","Anel guia de nylon com fibra de vidro, 55 × 60 × 9,7 mm, para êmbolo e haste de cilindro hidráulico. Evita o contato metal com metal; até 1,0 m/s e 40 N/mm². Referência 6W10-2362.382. Fabricação PK Vedações, código GNY.5094.","Anel guia não metálico com diâmetro interno de 55 mm, diâmetro externo de 60 mm e altura de 9,7 mm. Referência de catálogo 6W10-2362.382. Código PK Vedações GNY.5094.

Anel de apoio em poliamida (nylon) com fibra de vidro, formulado para as aplicações modernas em êmbolos e hastes em movimento recíproco. Mantém o conjunto centrado na camisa, absorve as cargas radiais do esforço lateral e previne o contato metal com metal, protegendo as gaxetas e garantindo a vida útil prevista da vedação. Aplicações típicas: cilindros de curso longo e de uso horizontal, setor petroquímico e siderúrgico e prensas hidráulicas de grande porte.

Limites operacionais, segundo o catálogo da PK Vedações: velocidade linear máxima de 1,0 m/s e capacidade de carga de até 40 N/mm² a 20 °C e até 30 N/mm² a 100 °C.

Como conferir a medida: diâmetro interno, diâmetro externo e altura (largura do canal). O canal recebe o anel com a folga de montagem prevista no projeto do cilindro; meça com paquímetro antes de pedir.","https://lojas.avilaops.com/uploads/pkvedacoes/anel-guia.webp","representativa","Anel guia","{""diametroInternoMm"": 55.0, ""diametroExternoMm"": 60.0, ""alturaMm"": 9.7, ""secaoMm"": 2.5, ""referencia"": ""6W10-2362.382""}","sim"
"Anel guia 58 × 63 × 5,5 mm","0","Anel guia","111","PK Vedações","GNY.5044","gny-5044-6w10-2480-216","Anel guia de nylon com fibra de vidro, 58 × 63 × 5,5 mm, para êmbolo e haste de cilindro hidráulico. Evita o contato metal com metal; até 1,0 m/s e 40 N/mm². Referência 6W10-2480.216. Fabricação PK Vedações, código GNY.5044.","Anel guia não metálico com diâmetro interno de 58 mm, diâmetro externo de 63 mm e altura de 5,5 mm. Referência de catálogo 6W10-2480.216. Código PK Vedações GNY.5044.

Anel de apoio em poliamida (nylon) com fibra de vidro, formulado para as aplicações modernas em êmbolos e hastes em movimento recíproco. Mantém o conjunto centrado na camisa, absorve as cargas radiais do esforço lateral e previne o contato metal com metal, protegendo as gaxetas e garantindo a vida útil prevista da vedação. Aplicações típicas: cilindros de curso longo e de uso horizontal, setor petroquímico e siderúrgico e prensas hidráulicas de grande porte.

Limites operacionais, segundo o catálogo da PK Vedações: velocidade linear máxima de 1,0 m/s e capacidade de carga de até 40 N/mm² a 20 °C e até 30 N/mm² a 100 °C.

Como conferir a medida: diâmetro interno, diâmetro externo e altura (largura do canal). O canal recebe o anel com a folga de montagem prevista no projeto do cilindro; meça com paquímetro antes de pedir.","https://lojas.avilaops.com/uploads/pkvedacoes/anel-guia.webp","representativa","Anel guia","{""diametroInternoMm"": 58.0, ""diametroExternoMm"": 63.0, ""alturaMm"": 5.5, ""secaoMm"": 2.5, ""referencia"": ""6W10-2480.216""}","sim"
"Anel guia 58,5 × 63,5 × 9,98 mm","0","Anel guia","111","PK Vedações","GNY.5021","gny-5021-6w10-2500-393","Anel guia de nylon com fibra de vidro, 58,5 × 63,5 × 9,98 mm, para êmbolo e haste de cilindro hidráulico. Evita o contato metal com metal; até 1,0 m/s e 40 N/mm². Referência 6W10-2500.393. Fabricação PK Vedações, código GNY.5021.","Anel guia não metálico com diâmetro interno de 58,5 mm, diâmetro externo de 63,5 mm e altura de 9,98 mm. Referência de catálogo 6W10-2500.393. Código PK Vedações GNY.5021.

Anel de apoio em poliamida (nylon) com fibra de vidro, formulado para as aplicações modernas em êmbolos e hastes em movimento recíproco. Mantém o conjunto centrado na camisa, absorve as cargas radiais do esforço lateral e previne o contato metal com metal, protegendo as gaxetas e garantindo a vida útil prevista da vedação. Aplicações típicas: cilindros de curso longo e de uso horizontal, setor petroquímico e siderúrgico e prensas hidráulicas de grande porte.

Limites operacionais, segundo o catálogo da PK Vedações: velocidade linear máxima de 1,0 m/s e capacidade de carga de até 40 N/mm² a 20 °C e até 30 N/mm² a 100 °C.

Como conferir a medida: diâmetro interno, diâmetro externo e altura (largura do canal). O canal recebe o anel com a folga de montagem prevista no projeto do cilindro; meça com paquímetro antes de pedir.","https://lojas.avilaops.com/uploads/pkvedacoes/anel-guia.webp","representativa","Anel guia","{""diametroInternoMm"": 58.5, ""diametroExternoMm"": 63.5, ""alturaMm"": 9.98, ""secaoMm"": 2.5, ""referencia"": ""6W10-2500.393""}","sim"
"Anel guia 58,5 × 63,5 × 10 mm","0","Anel guia","111","PK Vedações","GNY.5066","gny-5066-6w10-2500-393","Anel guia de nylon com fibra de vidro, 58,5 × 63,5 × 10 mm, para êmbolo e haste de cilindro hidráulico. Evita o contato metal com metal; até 1,0 m/s e 40 N/mm². Referência 6W10-2500.393. Fabricação PK Vedações, código GNY.5066.","Anel guia não metálico com diâmetro interno de 58,5 mm, diâmetro externo de 63,5 mm e altura de 10 mm. Referência de catálogo 6W10-2500.393. Código PK Vedações GNY.5066.

Anel de apoio em poliamida (nylon) com fibra de vidro, formulado para as aplicações modernas em êmbolos e hastes em movimento recíproco. Mantém o conjunto centrado na camisa, absorve as cargas radiais do esforço lateral e previne o contato metal com metal, protegendo as gaxetas e garantindo a vida útil prevista da vedação. Aplicações típicas: cilindros de curso longo e de uso horizontal, setor petroquímico e siderúrgico e prensas hidráulicas de grande porte.

Limites operacionais, segundo o catálogo da PK Vedações: velocidade linear máxima de 1,0 m/s e capacidade de carga de até 40 N/mm² a 20 °C e até 30 N/mm² a 100 °C.

Como conferir a medida: diâmetro interno, diâmetro externo e altura (largura do canal). O canal recebe o anel com a folga de montagem prevista no projeto do cilindro; meça com paquímetro antes de pedir.","https://lojas.avilaops.com/uploads/pkvedacoes/anel-guia.webp","representativa","Anel guia","{""diametroInternoMm"": 58.5, ""diametroExternoMm"": 63.5, ""alturaMm"": 10.0, ""secaoMm"": 2.5, ""referencia"": ""6W10-2500.393""}","sim"
"Anel guia 58,65 × 65 × 6 mm","0","Anel guia","111","PK Vedações","GNY.5017","gny-5017-6w2-2559-236","Anel guia de nylon com fibra de vidro, 58,65 × 65 × 6 mm, para êmbolo e haste de cilindro hidráulico. Evita o contato metal com metal; até 1,0 m/s e 40 N/mm². Referência 6W2-2559.236. Fabricação PK Vedações, código GNY.5017.","Anel guia não metálico com diâmetro interno de 58,65 mm, diâmetro externo de 65 mm e altura de 6 mm. Referência de catálogo 6W2-2559.236. Código PK Vedações GNY.5017.

Anel de apoio em poliamida (nylon) com fibra de vidro, formulado para as aplicações modernas em êmbolos e hastes em movimento recíproco. Mantém o conjunto centrado na camisa, absorve as cargas radiais do esforço lateral e previne o contato metal com metal, protegendo as gaxetas e garantindo a vida útil prevista da vedação. Aplicações típicas: cilindros de curso longo e de uso horizontal, setor petroquímico e siderúrgico e prensas hidráulicas de grande porte.

Limites operacionais, segundo o catálogo da PK Vedações: velocidade linear máxima de 1,0 m/s e capacidade de carga de até 40 N/mm² a 20 °C e até 30 N/mm² a 100 °C.

Como conferir a medida: diâmetro interno, diâmetro externo e altura (largura do canal). O canal recebe o anel com a folga de montagem prevista no projeto do cilindro; meça com paquímetro antes de pedir.","https://lojas.avilaops.com/uploads/pkvedacoes/anel-guia.webp","representativa","Anel guia","{""diametroInternoMm"": 58.65, ""diametroExternoMm"": 65.0, ""alturaMm"": 6.0, ""secaoMm"": 3.17, ""referencia"": ""6W2-2559.236""}","sim"
"Anel guia 60 × 65 × 5,5 mm","0","Anel guia","111","PK Vedações","GNY.5043","gny-5043-6w10-2559-216","Anel guia de nylon com fibra de vidro, 60 × 65 × 5,5 mm, para êmbolo e haste de cilindro hidráulico. Evita o contato metal com metal; até 1,0 m/s e 40 N/mm². Referência 6W10-2559.216. Fabricação PK Vedações, código GNY.5043.","Anel guia não metálico com diâmetro interno de 60 mm, diâmetro externo de 65 mm e altura de 5,5 mm. Referência de catálogo 6W10-2559.216. Código PK Vedações GNY.5043.

Anel de apoio em poliamida (nylon) com fibra de vidro, formulado para as aplicações modernas em êmbolos e hastes em movimento recíproco. Mantém o conjunto centrado na camisa, absorve as cargas radiais do esforço lateral e previne o contato metal com metal, protegendo as gaxetas e garantindo a vida útil prevista da vedação. Aplicações típicas: cilindros de curso longo e de uso horizontal, setor petroquímico e siderúrgico e prensas hidráulicas de grande porte.

Limites operacionais, segundo o catálogo da PK Vedações: velocidade linear máxima de 1,0 m/s e capacidade de carga de até 40 N/mm² a 20 °C e até 30 N/mm² a 100 °C.

Como conferir a medida: diâmetro interno, diâmetro externo e altura (largura do canal). O canal recebe o anel com a folga de montagem prevista no projeto do cilindro; meça com paquímetro antes de pedir.","https://lojas.avilaops.com/uploads/pkvedacoes/anel-guia.webp","representativa","Anel guia","{""diametroInternoMm"": 60.0, ""diametroExternoMm"": 65.0, ""alturaMm"": 5.5, ""secaoMm"": 2.5, ""referencia"": ""6W10-2559.216""}","sim"
"Anel guia 65 × 70 × 5,5 mm","0","Anel guia","111","PK Vedações","GNY.5064","gny-5064-6w10-2755-216","Anel guia de nylon com fibra de vidro, 65 × 70 × 5,5 mm, para êmbolo e haste de cilindro hidráulico. Evita o contato metal com metal; até 1,0 m/s e 40 N/mm². Referência 6W10.2755.216. Fabricação PK Vedações, código GNY.5064.","Anel guia não metálico com diâmetro interno de 65 mm, diâmetro externo de 70 mm e altura de 5,5 mm. Referência de catálogo 6W10.2755.216. Código PK Vedações GNY.5064.

Anel de apoio em poliamida (nylon) com fibra de vidro, formulado para as aplicações modernas em êmbolos e hastes em movimento recíproco. Mantém o conjunto centrado na camisa, absorve as cargas radiais do esforço lateral e previne o contato metal com metal, protegendo as gaxetas e garantindo a vida útil prevista da vedação. Aplicações típicas: cilindros de curso longo e de uso horizontal, setor petroquímico e siderúrgico e prensas hidráulicas de grande porte.

Limites operacionais, segundo o catálogo da PK Vedações: velocidade linear máxima de 1,0 m/s e capacidade de carga de até 40 N/mm² a 20 °C e até 30 N/mm² a 100 °C.

Como conferir a medida: diâmetro interno, diâmetro externo e altura (largura do canal). O canal recebe o anel com a folga de montagem prevista no projeto do cilindro; meça com paquímetro antes de pedir.","https://lojas.avilaops.com/uploads/pkvedacoes/anel-guia.webp","representativa","Anel guia","{""diametroInternoMm"": 65.0, ""diametroExternoMm"": 70.0, ""alturaMm"": 5.5, ""secaoMm"": 2.5, ""referencia"": ""6W10.2755.216""}","sim"
"Anel guia 67 × 72 × 5,4 mm","0","Anel guia","111","PK Vedações","GNY.5053","gny-5053-6w10-2835-212","Anel guia de nylon com fibra de vidro, 67 × 72 × 5,4 mm, para êmbolo e haste de cilindro hidráulico. Evita o contato metal com metal; até 1,0 m/s e 40 N/mm². Referência 6W10-2835.212. Fabricação PK Vedações, código GNY.5053.","Anel guia não metálico com diâmetro interno de 67 mm, diâmetro externo de 72 mm e altura de 5,4 mm. Referência de catálogo 6W10-2835.212. Código PK Vedações GNY.5053.

Anel de apoio em poliamida (nylon) com fibra de vidro, formulado para as aplicações modernas em êmbolos e hastes em movimento recíproco. Mantém o conjunto centrado na camisa, absorve as cargas radiais do esforço lateral e previne o contato metal com metal, protegendo as gaxetas e garantindo a vida útil prevista da vedação. Aplicações típicas: cilindros de curso longo e de uso horizontal, setor petroquímico e siderúrgico e prensas hidráulicas de grande porte.

Limites operacionais, segundo o catálogo da PK Vedações: velocidade linear máxima de 1,0 m/s e capacidade de carga de até 40 N/mm² a 20 °C e até 30 N/mm² a 100 °C.

Como conferir a medida: diâmetro interno, diâmetro externo e altura (largura do canal). O canal recebe o anel com a folga de montagem prevista no projeto do cilindro; meça com paquímetro antes de pedir.","https://lojas.avilaops.com/uploads/pkvedacoes/anel-guia.webp","representativa","Anel guia","{""diametroInternoMm"": 67.0, ""diametroExternoMm"": 72.0, ""alturaMm"": 5.4, ""secaoMm"": 2.5, ""referencia"": ""6W10-2835.212""}","sim"
"Anel guia 71,2 × 76,2 × 6,3 mm","0","Anel guia","111","PK Vedações","GNY.5001","gny-5001-6w10-3000-250","Anel guia de nylon com fibra de vidro, 71,2 × 76,2 × 6,3 mm, para êmbolo e haste de cilindro hidráulico. Evita o contato metal com metal; até 1,0 m/s e 40 N/mm². Referência 6W10-3000.250. Fabricação PK Vedações, código GNY.5001.","Anel guia não metálico com diâmetro interno de 71,2 mm, diâmetro externo de 76,2 mm e altura de 6,3 mm. Referência de catálogo 6W10-3000.250. Código PK Vedações GNY.5001.

Anel de apoio em poliamida (nylon) com fibra de vidro, formulado para as aplicações modernas em êmbolos e hastes em movimento recíproco. Mantém o conjunto centrado na camisa, absorve as cargas radiais do esforço lateral e previne o contato metal com metal, protegendo as gaxetas e garantindo a vida útil prevista da vedação. Aplicações típicas: cilindros de curso longo e de uso horizontal, setor petroquímico e siderúrgico e prensas hidráulicas de grande porte.

Limites operacionais, segundo o catálogo da PK Vedações: velocidade linear máxima de 1,0 m/s e capacidade de carga de até 40 N/mm² a 20 °C e até 30 N/mm² a 100 °C.

Como conferir a medida: diâmetro interno, diâmetro externo e altura (largura do canal). O canal recebe o anel com a folga de montagem prevista no projeto do cilindro; meça com paquímetro antes de pedir.","https://lojas.avilaops.com/uploads/pkvedacoes/anel-guia.webp","representativa","Anel guia","{""diametroInternoMm"": 71.2, ""diametroExternoMm"": 76.2, ""alturaMm"": 6.3, ""secaoMm"": 2.5, ""referencia"": ""6W10-3000.250""}","sim"
"Anel guia 75 × 80 × 6 mm","0","Anel guia","111","PK Vedações","GNY.5022","gny-5022-6w10-3150-236","Anel guia de nylon com fibra de vidro, 75 × 80 × 6 mm, para êmbolo e haste de cilindro hidráulico. Evita o contato metal com metal; até 1,0 m/s e 40 N/mm². Referência 6W10-3150.236. Fabricação PK Vedações, código GNY.5022.","Anel guia não metálico com diâmetro interno de 75 mm, diâmetro externo de 80 mm e altura de 6 mm. Referência de catálogo 6W10-3150.236. Código PK Vedações GNY.5022.

Anel de apoio em poliamida (nylon) com fibra de vidro, formulado para as aplicações modernas em êmbolos e hastes em movimento recíproco. Mantém o conjunto centrado na camisa, absorve as cargas radiais do esforço lateral e previne o contato metal com metal, protegendo as gaxetas e garantindo a vida útil prevista da vedação. Aplicações típicas: cilindros de curso longo e de uso horizontal, setor petroquímico e siderúrgico e prensas hidráulicas de grande porte.

Limites operacionais, segundo o catálogo da PK Vedações: velocidade linear máxima de 1,0 m/s e capacidade de carga de até 40 N/mm² a 20 °C e até 30 N/mm² a 100 °C.

Como conferir a medida: diâmetro interno, diâmetro externo e altura (largura do canal). O canal recebe o anel com a folga de montagem prevista no projeto do cilindro; meça com paquímetro antes de pedir.","https://lojas.avilaops.com/uploads/pkvedacoes/anel-guia.webp","representativa","Anel guia","{""diametroInternoMm"": 75.0, ""diametroExternoMm"": 80.0, ""alturaMm"": 6.0, ""secaoMm"": 2.5, ""referencia"": ""6W10-3150.236""}","sim"
"Anel guia 75 × 80 × 20 mm","0","Anel guia","111","PK Vedações","GNY.5033","gny-5033-6w10-3150-787","Anel guia de nylon com fibra de vidro, 75 × 80 × 20 mm, para êmbolo e haste de cilindro hidráulico. Evita o contato metal com metal; até 1,0 m/s e 40 N/mm². Referência 6W10-3150.787. Fabricação PK Vedações, código GNY.5033.","Anel guia não metálico com diâmetro interno de 75 mm, diâmetro externo de 80 mm e altura de 20 mm. Referência de catálogo 6W10-3150.787. Código PK Vedações GNY.5033.

Anel de apoio em poliamida (nylon) com fibra de vidro, formulado para as aplicações modernas em êmbolos e hastes em movimento recíproco. Mantém o conjunto centrado na camisa, absorve as cargas radiais do esforço lateral e previne o contato metal com metal, protegendo as gaxetas e garantindo a vida útil prevista da vedação. Aplicações típicas: cilindros de curso longo e de uso horizontal, setor petroquímico e siderúrgico e prensas hidráulicas de grande porte.

Limites operacionais, segundo o catálogo da PK Vedações: velocidade linear máxima de 1,0 m/s e capacidade de carga de até 40 N/mm² a 20 °C e até 30 N/mm² a 100 °C.

Como conferir a medida: diâmetro interno, diâmetro externo e altura (largura do canal). O canal recebe o anel com a folga de montagem prevista no projeto do cilindro; meça com paquímetro antes de pedir.","https://lojas.avilaops.com/uploads/pkvedacoes/anel-guia.webp","representativa","Anel guia","{""diametroInternoMm"": 75.0, ""diametroExternoMm"": 80.0, ""alturaMm"": 20.0, ""secaoMm"": 2.5, ""referencia"": ""6W10-3150.787""}","sim"
"Anel guia 80 × 85 × 5,7 mm","0","Anel guia","111","PK Vedações","GNY.5162","gny-5162-6w10-3346-224","Anel guia de nylon com fibra de vidro, 80 × 85 × 5,7 mm, para êmbolo e haste de cilindro hidráulico. Evita o contato metal com metal; até 1,0 m/s e 40 N/mm². Referência 6W10-3346.224. Fabricação PK Vedações, código GNY.5162.","Anel guia não metálico com diâmetro interno de 80 mm, diâmetro externo de 85 mm e altura de 5,7 mm. Referência de catálogo 6W10-3346.224. Código PK Vedações GNY.5162.

Anel de apoio em poliamida (nylon) com fibra de vidro, formulado para as aplicações modernas em êmbolos e hastes em movimento recíproco. Mantém o conjunto centrado na camisa, absorve as cargas radiais do esforço lateral e previne o contato metal com metal, protegendo as gaxetas e garantindo a vida útil prevista da vedação. Aplicações típicas: cilindros de curso longo e de uso horizontal, setor petroquímico e siderúrgico e prensas hidráulicas de grande porte.

Limites operacionais, segundo o catálogo da PK Vedações: velocidade linear máxima de 1,0 m/s e capacidade de carga de até 40 N/mm² a 20 °C e até 30 N/mm² a 100 °C.

Como conferir a medida: diâmetro interno, diâmetro externo e altura (largura do canal). O canal recebe o anel com a folga de montagem prevista no projeto do cilindro; meça com paquímetro antes de pedir.","https://lojas.avilaops.com/uploads/pkvedacoes/anel-guia.webp","representativa","Anel guia","{""diametroInternoMm"": 80.0, ""diametroExternoMm"": 85.0, ""alturaMm"": 5.7, ""secaoMm"": 2.5, ""referencia"": ""6W10-3346.224""}","sim"
"Anel guia 110 × 115 × 9,7 mm","0","Anel guia","111","PK Vedações","GNY.5092","gny-5092-6w10-4528-382","Anel guia de nylon com fibra de vidro, 110 × 115 × 9,7 mm, para êmbolo e haste de cilindro hidráulico. Evita o contato metal com metal; até 1,0 m/s e 40 N/mm². Referência 6W10-4528.382. Fabricação PK Vedações, código GNY.5092.","Anel guia não metálico com diâmetro interno de 110 mm, diâmetro externo de 115 mm e altura de 9,7 mm. Referência de catálogo 6W10-4528.382. Código PK Vedações GNY.5092.

Anel de apoio em poliamida (nylon) com fibra de vidro, formulado para as aplicações modernas em êmbolos e hastes em movimento recíproco. Mantém o conjunto centrado na camisa, absorve as cargas radiais do esforço lateral e previne o contato metal com metal, protegendo as gaxetas e garantindo a vida útil prevista da vedação. Aplicações típicas: cilindros de curso longo e de uso horizontal, setor petroquímico e siderúrgico e prensas hidráulicas de grande porte.

Limites operacionais, segundo o catálogo da PK Vedações: velocidade linear máxima de 1,0 m/s e capacidade de carga de até 40 N/mm² a 20 °C e até 30 N/mm² a 100 °C.

Como conferir a medida: diâmetro interno, diâmetro externo e altura (largura do canal). O canal recebe o anel com a folga de montagem prevista no projeto do cilindro; meça com paquímetro antes de pedir.","https://lojas.avilaops.com/uploads/pkvedacoes/anel-guia.webp","representativa","Anel guia","{""diametroInternoMm"": 110.0, ""diametroExternoMm"": 115.0, ""alturaMm"": 9.7, ""secaoMm"": 2.5, ""referencia"": ""6W10-4528.382""}","sim"
"Anel guia 120 × 125 × 9,7 mm","0","Anel guia","111","PK Vedações","GNY.5093","gny-5093-6w10-4921-382","Anel guia de nylon com fibra de vidro, 120 × 125 × 9,7 mm, para êmbolo e haste de cilindro hidráulico. Evita o contato metal com metal; até 1,0 m/s e 40 N/mm². Referência 6W10-4921.382. Fabricação PK Vedações, código GNY.5093.","Anel guia não metálico com diâmetro interno de 120 mm, diâmetro externo de 125 mm e altura de 9,7 mm. Referência de catálogo 6W10-4921.382. Código PK Vedações GNY.5093.

Anel de apoio em poliamida (nylon) com fibra de vidro, formulado para as aplicações modernas em êmbolos e hastes em movimento recíproco. Mantém o conjunto centrado na camisa, absorve as cargas radiais do esforço lateral e previne o contato metal com metal, protegendo as gaxetas e garantindo a vida útil prevista da vedação. Aplicações típicas: cilindros de curso longo e de uso horizontal, setor petroquímico e siderúrgico e prensas hidráulicas de grande porte.

Limites operacionais, segundo o catálogo da PK Vedações: velocidade linear máxima de 1,0 m/s e capacidade de carga de até 40 N/mm² a 20 °C e até 30 N/mm² a 100 °C.

Como conferir a medida: diâmetro interno, diâmetro externo e altura (largura do canal). O canal recebe o anel com a folga de montagem prevista no projeto do cilindro; meça com paquímetro antes de pedir.","https://lojas.avilaops.com/uploads/pkvedacoes/anel-guia.webp","representativa","Anel guia","{""diametroInternoMm"": 120.0, ""diametroExternoMm"": 125.0, ""alturaMm"": 9.7, ""secaoMm"": 2.5, ""referencia"": ""6W10-4921.382""}","sim"
"Anel guia 128,35 × 133,35 × 25 mm","0","Anel guia","111","PK Vedações","GNY.5164","gny-5164-6w10-5250-985","Anel guia de nylon com fibra de vidro, 128,35 × 133,35 × 25 mm, para êmbolo e haste de cilindro hidráulico. Evita o contato metal com metal; até 1,0 m/s e 40 N/mm². Referência 6W10-5250.985. Fabricação PK Vedações, código GNY.5164.","Anel guia não metálico com diâmetro interno de 128,35 mm, diâmetro externo de 133,35 mm e altura de 25 mm. Referência de catálogo 6W10-5250.985. Código PK Vedações GNY.5164.

Anel de apoio em poliamida (nylon) com fibra de vidro, formulado para as aplicações modernas em êmbolos e hastes em movimento recíproco. Mantém o conjunto centrado na camisa, absorve as cargas radiais do esforço lateral e previne o contato metal com metal, protegendo as gaxetas e garantindo a vida útil prevista da vedação. Aplicações típicas: cilindros de curso longo e de uso horizontal, setor petroquímico e siderúrgico e prensas hidráulicas de grande porte.

Limites operacionais, segundo o catálogo da PK Vedações: velocidade linear máxima de 1,0 m/s e capacidade de carga de até 40 N/mm² a 20 °C e até 30 N/mm² a 100 °C.

Como conferir a medida: diâmetro interno, diâmetro externo e altura (largura do canal). O canal recebe o anel com a folga de montagem prevista no projeto do cilindro; meça com paquímetro antes de pedir.","https://lojas.avilaops.com/uploads/pkvedacoes/anel-guia.webp","representativa","Anel guia","{""diametroInternoMm"": 128.35, ""diametroExternoMm"": 133.35, ""alturaMm"": 25.0, ""secaoMm"": 2.5, ""referencia"": ""6W10-5250.985""}","sim"
"Anel guia 132 × 140 × 8 mm","0","Anel guia","111","PK Vedações","GNY.5115","gny-5115-6w11-5511-314","Anel guia de nylon com fibra de vidro, 132 × 140 × 8 mm, para êmbolo e haste de cilindro hidráulico. Evita o contato metal com metal; até 1,0 m/s e 40 N/mm². Referência 6W11-5511.314. Fabricação PK Vedações, código GNY.5115.","Anel guia não metálico com diâmetro interno de 132 mm, diâmetro externo de 140 mm e altura de 8 mm. Referência de catálogo 6W11-5511.314. Código PK Vedações GNY.5115.

Anel de apoio em poliamida (nylon) com fibra de vidro, formulado para as aplicações modernas em êmbolos e hastes em movimento recíproco. Mantém o conjunto centrado na camisa, absorve as cargas radiais do esforço lateral e previne o contato metal com metal, protegendo as gaxetas e garantindo a vida útil prevista da vedação. Aplicações típicas: cilindros de curso longo e de uso horizontal, setor petroquímico e siderúrgico e prensas hidráulicas de grande porte.

Limites operacionais, segundo o catálogo da PK Vedações: velocidade linear máxima de 1,0 m/s e capacidade de carga de até 40 N/mm² a 20 °C e até 30 N/mm² a 100 °C.

Como conferir a medida: diâmetro interno, diâmetro externo e altura (largura do canal). O canal recebe o anel com a folga de montagem prevista no projeto do cilindro; meça com paquímetro antes de pedir.","https://lojas.avilaops.com/uploads/pkvedacoes/anel-guia.webp","representativa","Anel guia","{""diametroInternoMm"": 132.0, ""diametroExternoMm"": 140.0, ""alturaMm"": 8.0, ""secaoMm"": 4.0, ""referencia"": ""6W11-5511.314""}","sim"
"Anel guia 162 × 170 × 9 mm","0","Anel guia","111","PK Vedações","GNY.5116","gny-5116-6w11-6692-354","Anel guia de nylon com fibra de vidro, 162 × 170 × 9 mm, para êmbolo e haste de cilindro hidráulico. Evita o contato metal com metal; até 1,0 m/s e 40 N/mm². Referência 6W11-6692.354. Fabricação PK Vedações, código GNY.5116.","Anel guia não metálico com diâmetro interno de 162 mm, diâmetro externo de 170 mm e altura de 9 mm. Referência de catálogo 6W11-6692.354. Código PK Vedações GNY.5116.

Anel de apoio em poliamida (nylon) com fibra de vidro, formulado para as aplicações modernas em êmbolos e hastes em movimento recíproco. Mantém o conjunto centrado na camisa, absorve as cargas radiais do esforço lateral e previne o contato metal com metal, protegendo as gaxetas e garantindo a vida útil prevista da vedação. Aplicações típicas: cilindros de curso longo e de uso horizontal, setor petroquímico e siderúrgico e prensas hidráulicas de grande porte.

Limites operacionais, segundo o catálogo da PK Vedações: velocidade linear máxima de 1,0 m/s e capacidade de carga de até 40 N/mm² a 20 °C e até 30 N/mm² a 100 °C.

Como conferir a medida: diâmetro interno, diâmetro externo e altura (largura do canal). O canal recebe o anel com a folga de montagem prevista no projeto do cilindro; meça com paquímetro antes de pedir.","https://lojas.avilaops.com/uploads/pkvedacoes/anel-guia.webp","representativa","Anel guia","{""diametroInternoMm"": 162.0, ""diametroExternoMm"": 170.0, ""alturaMm"": 9.0, ""secaoMm"": 4.0, ""referencia"": ""6W11-6692.354""}","sim"
"Anel guia 162 × 170 × 25 mm","0","Anel guia","111","PK Vedações","GNY.5117","gny-5117-6w11-6692-984","Anel guia de nylon com fibra de vidro, 162 × 170 × 25 mm, para êmbolo e haste de cilindro hidráulico. Evita o contato metal com metal; até 1,0 m/s e 40 N/mm². Referência 6W11-6692.984. Fabricação PK Vedações, código GNY.5117.","Anel guia não metálico com diâmetro interno de 162 mm, diâmetro externo de 170 mm e altura de 25 mm. Referência de catálogo 6W11-6692.984. Código PK Vedações GNY.5117.

Anel de apoio em poliamida (nylon) com fibra de vidro, formulado para as aplicações modernas em êmbolos e hastes em movimento recíproco. Mantém o conjunto centrado na camisa, absorve as cargas radiais do esforço lateral e previne o contato metal com metal, protegendo as gaxetas e garantindo a vida útil prevista da vedação. Aplicações típicas: cilindros de curso longo e de uso horizontal, setor petroquímico e siderúrgico e prensas hidráulicas de grande porte.

Limites operacionais, segundo o catálogo da PK Vedações: velocidade linear máxima de 1,0 m/s e capacidade de carga de até 40 N/mm² a 20 °C e até 30 N/mm² a 100 °C.

Como conferir a medida: diâmetro interno, diâmetro externo e altura (largura do canal). O canal recebe o anel com a folga de montagem prevista no projeto do cilindro; meça com paquímetro antes de pedir.","https://lojas.avilaops.com/uploads/pkvedacoes/anel-guia.webp","representativa","Anel guia","{""diametroInternoMm"": 162.0, ""diametroExternoMm"": 170.0, ""alturaMm"": 25.0, ""secaoMm"": 4.0, ""referencia"": ""6W11-6692.984""}","sim"
