"familia","cod_pk","referencia","int_mm","ext_mm","secao_mm","altura_mm","codigo_repetido_na_planilha","slug_que_a_loja_usaria"
"Gaxeta STD","PKG.1878","18701187","30.14","39.66","6.35","6.35","sim","pkg-1878-18701187"
"Gaxeta STD","PKG.1878","18701187","30.16","42.86","6.35","6.35","sim","pkg-1878-18701187"
"Anel Guia","GNY.5131","6W10.1182-984","25.06","30.04","2.49","25.0","sim","gny-5131-6w10-1182-984"
"Anel Guia","GNY.5114","6W1-1150-250","25.31","29.21","1.95","6.35","sim","gny-5114-6w1-1150-250"
"Anel Guia","GNY.5182","6W10-1378.382","30.0","35.0","2.5","9.7","sim","gny-5182-6w10-1378-382"
"Anel Guia","GNY.5134","6W2.1500-375","31.74","38.1","3.18","9.52","sim","gny-5134-6w2-1500-375"
"Anel Guia","GNY.5013","6W1-1375.625","31.75","34.92","1.58","15.87","sim","gny-5013-6w1-1375-625"
"Anel Guia","GNY.5159","6W1.1410-375","31.9","35.8","1.95","9.52","sim","gny-5159-6w1-1410-375"
"Anel Guia","GNY.5063","6W10-1614.216","36.0","41.0","2.5","5.5","sim","gny-5063-6w10-1614-216"
"Anel Guia","GNY.5166","6W3-1614.985","38.0","41.0","1.5","25.0","sim","gny-5166-6w3-1614-985"
"Anel Guia","GNY.5103","6W1-1660.500","38.1","42.0","1.95","12.7","sim","gny-5103-6w1-1660-500"
"Anel Guia","GNY.5178","6W3-1693.629","40.0","43.0","1.5","16.0","sim","gny-5178-6w3-1693-629"
"Anel Guia","GNY.5163","6W3-1870.1000","44.5","47.5","1.5","25.4","sim","gny-5163-6w3-1870-1000"
"Anel Guia","GNY.5031","6W10.1968.787","45.0","50.0","2.5","20.0","sim","gny-5031-6w10-1968-787"
"Anel Guia","GNY.5091","6W10.1969-382","45.0","50.0","2.5","9.7","sim","gny-5091-6w10-1969-382"
"Anel Guia","GNY.5179","6W3-1889.883","45.0","48.0","1.5","22.45","sim","gny-5179-6w3-1889-883"
"Anel Guia","GNY.5034","6W1-2035.500","48.0","51.7","1.85","12.7","sim","gny-5034-6w1-2035-500"
"Anel Guia","GNY.5183","6W3-2086.590","50.0","53.0","1.5","15.0","sim","gny-5183-6w3-2086-590"
"Anel Guia","GNY.5132","6W3-2118.975","50.9","53.8","1.45","24.77","sim","gny-5132-6w3-2118-975"
"Anel Guia","GNY.5065","6W10-2322.216","54.0","59.0","2.5","5.5","sim","gny-5065-6w10-2322-216"
"Anel Guia","GNY.5094","6W10-2362.382","55.0","60.0","2.5","9.7","sim","gny-5094-6w10-2362-382"
"Anel Guia","GNY.5044","6W10-2480.216","58.0","63.0","2.5","5.5","sim","gny-5044-6w10-2480-216"
"Anel Guia","GNY.5021","6W10-2500.393","58.5","63.5","2.5","9.98","sim","gny-5021-6w10-2500-393"
"Anel Guia","GNY.5066","6W10-2500.393","58.5","63.5","2.5","10.0","sim","gny-5066-6w10-2500-393"
"Anel Guia","GNY.5161","","58.6","62.0","1.7","8.0","não","gny-5161"
"Anel Guia","GNY.5017","6W2-2559.236","58.65","65.0","3.17","6.0","sim","gny-5017-6w2-2559-236"
"Anel Guia","GNY.5043","6W10-2559.216","60.0","65.0","2.5","5.5","sim","gny-5043-6w10-2559-216"
"Anel Guia","GNY.5064","6W10.2755.216","65.0","70.0","2.5","5.5","sim","gny-5064-6w10-2755-216"
"Anel Guia","GNY.5053","6W10-2835.212","67.0","72.0","2.5","5.4","sim","gny-5053-6w10-2835-212"
"Anel Guia","GNY.5001","6W10-3000.250","71.2","76.2","2.5","6.3","sim","gny-5001-6w10-3000-250"
"Anel Guia","GNY.5159","6W1.1410-376","74.68","77.95","4.22","16.48","sim","gny-5159-6w1-1410-376"
"Anel Guia","GNY.5022","6W10-3150.236","75.0","80.0","2.5","6.0","sim","gny-5022-6w10-3150-236"
"Anel Guia","GNY.5033","6W10-3150.787","75.0","80.0","2.5","20.0","sim","gny-5033-6w10-3150-787"
"Anel Guia","GNY.5131","6W10.1182-985","75.16","78.38","4.26","16.71","sim","gny-5131-6w10-1182-985"
"Anel Guia","GNY.5031","6W10.1968.788","75.65","78.8","4.31","16.93","sim","gny-5031-6w10-1968-788"
"Anel Guia","GNY.5091","6W10.1969-383","76.13","79.23","4.35","17.15","sim","gny-5091-6w10-1969-383"
"Anel Guia","GNY.5064","6W10.2755.217","76.62","79.66","4.39","17.37","sim","gny-5064-6w10-2755-217"
"Anel Guia","GNY.5182","6W10-1378.383","77.1","80.08","4.44","17.59","sim","gny-5182-6w10-1378-383"
"Anel Guia","GNY.5063","6W10-1614.217","77.59","80.51","4.48","17.81","sim","gny-5063-6w10-1614-217"
"Anel Guia","GNY.5065","6W10-2322.217","78.07","80.94","4.52","18.04","sim","gny-5065-6w10-2322-217"
"Anel Guia","GNY.5094","6W10-2362.383","78.56","81.36","4.57","18.26","sim","gny-5094-6w10-2362-383"
"Anel Guia","GNY.5044","6W10-2480.217","79.04","81.79","4.61","18.48","sim","gny-5044-6w10-2480-217"
"Anel Guia","GNY.5021","6W10-2500.393","79.53","82.22","4.65","18.7","sim","gny-5021-6w10-2500-393"
"Anel Guia","GNY.5162","6W10-3346.224","80.0","85.0","2.5","5.7","sim","gny-5162-6w10-3346-224"
"Anel Guia","GNY.5066","6W10-2500.393","80.01","82.64","4.7","18.92","sim","gny-5066-6w10-2500-393"
"Anel Guia","GNY.5043","6W10-2559.217","80.5","83.07","4.74","19.14","sim","gny-5043-6w10-2559-217"
"Anel Guia","GNY.5053","6W10-2835.213","80.98","83.5","4.78","19.37","sim","gny-5053-6w10-2835-213"
"Anel Guia","GNY.5001","6W10-3000.251","81.46","83.92","4.83","19.59","sim","gny-5001-6w10-3000-251"
"Anel Guia","GNY.5022","6W10-3150.1338","81.95","84.35","4.87","19.81","sim","gny-5022-6w10-3150-1338"
"Anel Guia","GNY.5033","6W10-3150.1889","82.43","84.78","4.91","20.03","sim","gny-5033-6w10-3150-1889"
"Anel Guia","GNY.5162","6W10-3346.225","82.92","85.2","4.96","20.25","sim","gny-5162-6w10-3346-225"
"Anel Guia","GNY.5092","6W10-4528.383","83.4","85.63","5.0","20.47","sim","gny-5092-6w10-4528-383"
"Anel Guia","GNY.5093","6W10-4921.383","83.89","86.05","5.05","20.7","sim","gny-5093-6w10-4921-383"
"Anel Guia","GNY.5164","6W10-5250.986","84.37","86.48","5.09","20.92","sim","gny-5164-6w10-5250-986"
"Anel Guia","GNY.5114","6W1-1150-251","84.86","86.91","5.13","21.14","sim","gny-5114-6w1-1150-251"
"Anel Guia","GNY.5013","6W1-1375.626","85.34","87.33","5.18","21.36","sim","gny-5013-6w1-1375-626"
"Anel Guia","GNY.5115","6W11-5511.315","85.83","87.76","5.22","21.58","sim","gny-5115-6w11-5511-315"
"Anel Guia","GNY.5103","6W1-1660.501","86.31","88.19","5.26","21.8","sim","gny-5103-6w1-1660-501"
"Anel Guia","GNY.5116","6W11-6692.1614","86.8","88.61","5.31","22.03","sim","gny-5116-6w11-6692-1614"
"Anel Guia","GNY.5117","6W11-6692.2244","87.28","89.04","5.35","22.25","sim","gny-5117-6w11-6692-2244"
"Anel Guia","GNY.5034","6W1-2035.501","87.76","89.47","5.39","22.47","sim","gny-5034-6w1-2035-501"
"Anel Guia","GNY.5134","6W2.1500-501","88.25","89.89","5.44","22.69","sim","gny-5134-6w2-1500-501"
"Anel Guia","GNY.5137","6W2.4531-591","88.73","90.32","5.48","22.91","sim","gny-5137-6w2-4531-591"
"Anel Guia","GNY.5017","6W2-2559.237","89.22","90.75","5.52","23.14","sim","gny-5017-6w2-2559-237"
"Anel Guia","GNY.5166","6W3-1614.986","89.7","91.17","5.57","23.36","sim","gny-5166-6w3-1614-986"
"Anel Guia","GNY.5178","6W3-1693.630","90.19","91.6","5.61","23.58","sim","gny-5178-6w3-1693-630"
"Anel Guia","GNY.5163","6W3-1870.1001","90.67","92.03","5.65","23.8","sim","gny-5163-6w3-1870-1001"
"Anel Guia","GNY.5179","6W3-1889.884","91.16","92.45","5.7","24.02","sim","gny-5179-6w3-1889-884"
"Anel Guia","GNY.5183","6W3-2086.591","91.64","92.88","5.74","24.24","sim","gny-5183-6w3-2086-591"
"Anel Guia","GNY.5132","6W3-2118.976","92.13","93.31","5.78","24.47","sim","gny-5132-6w3-2118-976"
"Anel Guia","GNY.5092","6W10-4528.382","110.0","115.0","2.5","9.7","sim","gny-5092-6w10-4528-382"
"Anel Guia","GNY.5137","6W2.4531-590","115.08","108.78","3.18","15.0","sim","gny-5137-6w2-4531-590"
"Anel Guia","GNY.5093","6W10-4921.382","120.0","125.0","2.5","9.7","sim","gny-5093-6w10-4921-382"
"Anel Guia","GNY.5164","6W10-5250.985","128.35","133.35","2.5","25.0","sim","gny-5164-6w10-5250-985"
"Anel Guia","GNY.5115","6W11-5511.314","132.0","140.0","4.0","8.0","sim","gny-5115-6w11-5511-314"
"Anel Guia","GNY.5156","","159.0","164.4","2.7","9.8","não","gny-5156"
"Anel Guia","GNY.5116","6W11-6692.354","162.0","170.0","4.0","9.0","sim","gny-5116-6w11-6692-354"
"Anel Guia","GNY.5117","6W11-6692.984","162.0","170.0","4.0","25.0","sim","gny-5117-6w11-6692-984"
"Raspador D","RPU.0076","","14.0","22.0","4.84","7.35","não","rpu-0076"
"Raspador D","RPU.0323","","15.0","21.6","3.3","3.5","não","rpu-0323"
"Raspador D","RPU.0011","","20.3","25.8","2.75","4.0","não","rpu-0011"
"Raspador D","RPU.0254","","25.0","33.4","4.0","7.0","não","rpu-0254"
"Raspador D","RPU.2019","","30.0","41.0","5.0","7.5","não","rpu-2019"
"Raspador D","RPU.0059","","37.0","45.0","","7.5","não","rpu-0059"
"Raspador D","RPU.2984","","38.0","55.0","2.6","10.0","não","rpu-2984"
"Raspador D","RPU.0623","","38.6","41.6","3.1","4.0","não","rpu-0623"
"Raspador D","RPU.2510","","40.0","48.0","4.0","5.0","não","rpu-2510"
"Raspador D","RPU.0098","","40.0","48.0","4.5","7.5","não","rpu-0098"
"Raspador D","RPU.0111","","42.0","50.0","4.0","7.0","não","rpu-0111"
"Raspador D","RPU.0284","","45.0","52.4","2.7","4.4","não","rpu-0284"
"Raspador D","RPU.0279","","45.0","60.0","4.3","6.0","não","rpu-0279"
"Raspador D","RPU.0674","","50.0","62.0","3.0","8.0","não","rpu-0674"
"Raspador D","RPU.0102","","66.0","73.0","5.2","7.0","não","rpu-0102"
"Raspador D","RPU.0731","","73.0","86.0","7.0","9.5","não","rpu-0731"
"Raspador D","RPU.0374","","85.0","93.0","4.0","7.0","não","rpu-0374"
